Sentence,Flagged,Flagged Categories,Top Category,Top Score
الخطأ الاول هو البنت وعائلتها لأنه مبقاش شي حاجه سميتها الفاتحه وكيف لماذا العائله المحترمه ان تسمح لبنتهم بالعيش مع رجل بالفاتحه كل الاسف على هاي المجتمع انا لا اعرف حيتيات الموضوع لاكن الزوجه ام الاولى هي الضحيه واي حب وارتياح تتكلمون عنه لو فعلا حب وارتياح لطلق زوجته الاولى لماذا لازال متمسكا بزوجته الأولى يمكن تكون البنت خطات ولاكن فينهما خوتها ووالديها لكان خصهوم يوريهوم الحلال من الحرام للأسف هاذ النوعيه تخرب الاسر,True,['hate_and_discrimination'],hate_and_discrimination,0.775
زوجة المحامي انت مذلولة حيث باقة لاصقة فهاد الخائن  انا بلاصتك محامية نرميه بحال شي صباط تقطع لي كون كنتي مراة او محامية بصح كون دخلتيه لحبس بتهمة الخيانة او زايداها كتهدري,False,[],violence_and_threats,0.783
باقية و تمتد  موتوبغيضكم قبل أن تأكلكم الأسود,True,"['hate_and_discrimination', 'violence_and_threats']",violence_and_threats,0.977
تفووووو الخنز شحال كثر,True,['hate_and_discrimination'],hate_and_discrimination,0.671
والله هناك يد خفية  وراة هدا المرض,False,[],hate_and_discrimination,0.022
"1  نعلي شيطان ان بعض الضن إثم 
شنو فيها الى جلس معاها نسيبها راه فمقام مو 
واش المرأة الى بغات تفسد متلقاش مع من باش تمشي عند نسيبها حشومة عليك هوا ثاني من قلات لبنات يمشي تند شارفة راه بنادم مجموع حيت مصيبتهم ماشي صغيرة",False,[],hate_and_discrimination,0.531
هدا مافنان ماهو راجل ماهو مرا باختصار الله ينعل الأصل ديال الي رباه,False,[],hate_and_discrimination,0.617
راني قلت ليكم نص المغربيات مصطيات و النص الاخرمابقيتش باغي نتزوج كاع انا,False,[],sexual,0.165
لمغاربه إلا حرار اقفو مع هاد البنت راها مظلومه,True,['hate_and_discrimination'],hate_and_discrimination,0.708
فليقبل من يقبل وليرفض من يرفض فان زمن عبد الناصر هو افضل زمن فى هذا العصر والأخوان كانواضده مجرد لأخذ السطة ووصل بهم الحال الى التآمر عليه ووضع يدهم بيد الشيطان,False,[],hate_and_discrimination,0.495
لاحولة ولاقوة إلا بالله العلي العظيم اتقوا الله ملي أنت ماشي إمرأة او ماشي راجا شكون باغي تكون اللهم استرنا فوق الارض وتحت الارض ويوم العرض الطف بنا يارب,False,[],hate_and_discrimination,0.212
اش هد قلاوي,False,[],hate_and_discrimination,0.082
هاد لحول الله يعطيك مصيبة,False,[],violence_and_threats,0.745
الله يعطيك الحبس وهو الله يطلق سراحو وجهك صحيح اختي شوهتو بالمغربيات,True,['hate_and_discrimination'],hate_and_discrimination,0.98
هاذي ياا الخوت كذابة هي و عائلتها قالت ليك كانوا مزوجين كانت كتمارس الجنس معاه ف الحرام كيف و طرا هاذ الحمل اما شي حاجة أخرى الكذوووووب ف الكذوووب المحامية عندها الحق رغم أن داك الشي اللي دارته ف الأول ماراعاتش فيه ديك البنية الصغيرة مسكينة لكن  من حقها تدافع على أسرتها و استقرار بيتها دابا انتم اليوم كتوقفوا مع العهر و ضد السيدة اللي باوليداتها ف الحلال حسبي الله و نعم الوكيل,True,['hate_and_discrimination'],hate_and_discrimination,0.859
حسبي الله و نعم الوكيل الله يقطع الرجال من دنيا فحال هذا والله ينعل لي مايحشم على عراضو,False,[],violence_and_threats,0.181
سميتها سحار شواف عدو الله خاص امه الاعدام ماش اه الجواد اودي على الاسلام زعما راكم اتصومو رمضان,True,"['hate_and_discrimination', 'violence_and_threats']",violence_and_threats,0.918
اوا وعلاش دخلوها الحبس,False,[],violence_and_threats,0.034
المستحيل ليس مغربيا,False,[],hate_and_discrimination,0.005
الله يعزك وينصرك أختي كلامك رزين وولد الحوات رجل محترم تحية له,False,[],hate_and_discrimination,0.015
والله إلا زامل,False,[],hate_and_discrimination,0.089
يا قطر يا قناة الجزيرة يا عزمي بشارة يا زلمات الجزيرة يا فلسطينيين الجزيرة يا مصريين الجزيرة يا سوريين الجزيرة يا جزائريين الجزيرة يا عراقيين الجزيرة يا اخوان مسلمين موضوع وفي الكويت وبين كويتيين لا علاقة لكم به,False,[],hate_and_discrimination,0.402
آش غنقولك الله يعطيك العز أما دل راك غارق فييه طيحتي دل على الرجال,False,[],hate_and_discrimination,0.499
ناري الهربة الحمدلله مكينش الصوت كون المغرب كامل صماك ولكن كلشي على فيديو كليب علام,False,[],violence_and_threats,0.039
القاضي يحكم بأدلة وحيثيات مصر ليست مرتع ولابد من وجود ترخيص  ثم أنهم بعضهم ليس صحفيين  من الأساس  و حتى لو كانوا صحفيين  الجزيرة ليست لها ترخيص في مصر,False,[],law,0.032
باينة ماشي نورمال غير مللي قلتي اخواتاتك ب6 بيهم كايغيروا منك    او قوة انا اغزالة    انا اعزاله  على كل الله ايشوف من حالك,True,['violence_and_threats'],violence_and_threats,0.878
سبحان الله مكتابين البعضياتكم,False,[],hate_and_discrimination,0.028
يا اخوان ويا اخوات  ايش التفاهات هذه الي قاعد يقولها موها  يحق ومايحق وشاذ هيا نفسها  تستغبي ع مين بالزبط  بكل وضوح في تناقض في الافكار ونقص في الجانب الاعلامي والفكري  انشهرت تهتم بالمحتوى وماتغلط قدر الامكان واذا غلطت تعتذر مو تعابط وكانك ماغلطت مو تتعذر وانا وانت وانتي مالك دخل وقناه مشهوره ماتصير تحش قناه صغيره  اي احد عاقل فاهم يشوف غلط يوقفه عند حده سواه بالسوشال ميديا او في اي نوع من التواصل بشكل عام او حتى في الحياة ومستحيل تمنع ولدك عن كل شيء في النت وموكل شيء يترمي ع الاهل لأنه موكل البنين والبنات عندهم ام واب فالمحيط يختلف  او ع الاقل تحدد عمر للمحتوى  لكل شيء ضريبه وللشهره ضريبه ونفس الشيء دخول مجال الاعلام فيه ضريبه  واذا الحش يضعف ارادتك فالمشكله فيك  كثير ناس انحشو واتهانو وانظلمو وبالنهايه وصلو فوق  بالتوفيق للجميع ان شاء الله  والله يهدي الجميع  جمعة خير على الجميع يارب,False,[],hate_and_discrimination,0.181
انا اشفق عليك انت وابن الشارخ لو توقفت الحرب او جاء موسم الحج اين ستنبحون وعلى من,False,[],violence_and_threats,0.705
الى جهنم وبئس المصير ان شاء الله,False,[],violence_and_threats,0.682
عيد ميلاديالها ولا ديالك ا شماة و شياطة ديال رجال سر الله يخد فيك الحق  و حت نت عندك تاتا فدار,False,[],hate_and_discrimination,0.255
يفضح عرضوو بشرفكم هيك حاكي  موشيل الياهو يفضح عرضو هاد خالص الرئيس,False,[],hate_and_discrimination,0.107
ياربي تشافيك,False,[],sexual,0.034
"مالقيت ما نقول غير الله يفرج عليك اختي ويرد لك بنياتك لطريق الصحيح  صبرتي زيدي صبري مع هذيك البنت من هضرتها باين عندها مشكل  تتحاول تهرب من واقعها المرير 
كنتمنى شي يد تمد بالخير لهذ الناس تنتشلهم من التهميش",False,[],hate_and_discrimination,0.032
أش هاد النفاق والكدوب الله يعطينا وجهكوم يا وجوه الويل اللعنة عليكم المنافقين,True,['hate_and_discrimination'],hate_and_discrimination,0.993
ههههههه صدقت يابن الشارخ  مشكلتنا في اصحاب الفكر السطحي من امثال اخيناااا المحترم,True,['hate_and_discrimination'],hate_and_discrimination,0.722
"أتساءل أين هي الجمعيات التي تواصل المطالبة بالدعم لدى الدولة والمحسنين تحت رواية تقديم المساعدة والإغاثة للمحتاجين  
للمجتمع المدني مسؤولية تجاه هذه الحالات التي سببها الأول هو الافتقار لأبسط شروط العيش النقي 
أسأل الله أن يرفع عنه البلاء",False,[],dangerous_and_criminal_content,0.001
ناري قاليكم غايدوز فالتلفزة,False,[],hate_and_discrimination,0.063
الفيلا والفراكة يخلي دار بوكم وهدوك الرجال لي معندهومشي الحوايج كالسيني بالشناكل والفراككح كيشطحوا,False,[],sexual,0.35
مالذي قدمته ايران للعراق غير الخراب والدمار والمخدرات والمزابل بينما الخليج دفع المليارات في مؤتمر اعاده اعمار العراق وايران مادفعت ولافلس ومع هذا تجد العراقيين يشتمونا  ايران تدمر والخليج يبني,True,['hate_and_discrimination'],hate_and_discrimination,0.903
بحالو بحال هديك صحافية في فورمة اولد لمبنت,False,[],hate_and_discrimination,0.02
مولات الحجاب لي فوسط رجال وش جهلتي,False,[],hate_and_discrimination,0.302
دعات سعيدة ولكن ماتصور منها والوهدي لخرا ليها,True,['hate_and_discrimination'],hate_and_discrimination,0.674
سي محمد الله يطلق سراحو هههههههه,False,[],violence_and_threats,0.392
تغيرت أشياء كثيره كلاب الحكم المستعره كالنعجه اﻷسد أو السوسي أو أصحاب المعالي و السمو كلهم يمكنهم أن يظلوا حتى ما يستطيعوا ﻷن إستقرار الغربيين و أوروبا و روسبا لا يستحمل تغيرات جوهريه في الشرق اﻷوسط,True,['hate_and_discrimination'],hate_and_discrimination,0.708
وأما علاش مزيرة فاعك,False,[],hate_and_discrimination,0.062
القضية حسب الصور كيبغي هاد الفتاة لكن كيخاف من الزوجة ديالوا,False,[],violence_and_threats,0.167
مين خرج هاد الوسخ,False,[],hate_and_discrimination,0.554
أزمة السكن ليست أزمة فكر فقط  بل هي كذلك أزمة ضمير وأزمة أمانة وأزمة في الحس الوطني  لكن من يعاني حقيقة من هذه الأزمات هم بعض المسؤولين في السعودية وليس المواطن,False,[],hate_and_discrimination,0.019
جيش أحمق صحيح,True,['hate_and_discrimination'],hate_and_discrimination,0.762
منانوك بلااااااااااااااااع ههههههههههههههه,False,[],sexual,0.038
ماضل غير يكشفو انو قطر اشترت كأس العالم,False,[],dangerous_and_criminal_content,0.095
العنوان المناسب لهاد الفيديو  هو شوف تيفي  تبرء المحامي  والبدلائل  من المزعومة المسماة بالضحية ههههه  سؤال حيرني  هل يعقل  عامين   وانتي كتصوري المحامي  بنفس الكيلوت  هههه  تفرشتي الله يهديك,False,[],hate_and_discrimination,0.426
اللهم سترنا فوق الارض وتحت الارض ويم العرض عليك,False,[],violence_and_threats,0.13
من كتابتك عراقي وجوابي الك لاتحتاج لاحتلال العالم بل حرر بلدك من المحتل واللي بعد 12 عام مازلت تعيش بدون كهرباء وتشرب المي الخابط,False,[],violence_and_threats,0.752
"الى  رجعات لك الله يعطيها الذل لي عاير مرة يعاير عشرة انت شوهتي بها و ما خليتي فبها لي يتنسى قدام المغرب و شارفة و معفونة و دابا باغي تصالح واخا تجيب ليا الماس ما نقبل بك 
انت مضروب على كوزينة",True,['hate_and_discrimination'],hate_and_discrimination,0.984
تحياتي لك شوف تيفي كتوقفي مع المظلومة,False,[],hate_and_discrimination,0.036
ياااودي على زوامل يودي,False,[],violence_and_threats,0.038
صراحه أغنية جديدة بعنوان مقودة علية سير ديرليك شي سباحة إناث آنت و لي سجل ليك الأغنية,False,[],sexual,0.521
الله يخد الحق فهداك الظليم حسبي الله ونعمة الوكيل ياربي ترحمها ويرحمها القظاء راه المجرم هو الي خسو الحبس,False,[],violence_and_threats,0.316
والله ما الفائدة من عرض مثل هذه الاستجوابات اتقوا الله يا عباد الله,False,[],hate_and_discrimination,0.193
كا مغربي سابق أنا حريص على عدم انتقاد النظام الجزائري نظرا لحساسية معروفة لكن هل يمكن للنظام يساعد بكل صراحة في قتل واغتصاب السوريين لحماية رئيس الجمهورية مرسي,True,['violence_and_threats'],violence_and_threats,0.999
يارب شوف من حالها,False,[],health,0.005
ما كاينش زانية بلا زاني هادو دابا لي كيهدرو تلقاهم كل نهار مع بنت الله ينزل عليكم المسخ,True,['hate_and_discrimination'],hate_and_discrimination,0.975
الخوت الي عزيز عليه محمد رسولنا صلی الله عليه وسلم يدخول اتابونا فالقناة,False,[],sexual,0.201
كل قتيل فلسطيني يجب أن يقابله على الأقل قتيل إسرائيلي حينها فقط ستفكر إسرائيل مليا قبل قتل أي فلسطيني,True,['violence_and_threats'],violence_and_threats,0.999
انا كنسمعها 5مرات في اليوم على الاقل بهواتف مختلفة تحية كبيرة من باريس لناس أكادير  والمدينة الخميسات كاملة الا ندى وحريودة وطيحت لنا بالبلاد ديالنا,False,[],pii,0.027
رد على الليبي جائر أنت تخاف من أسود الدولة الاسلامية لان في قلبك حب الناطو نحن في الجائر نرحب بهم,True,['hate_and_discrimination'],hate_and_discrimination,0.977
شوف  ولات كتجيب شوهة والله هذا مشي بنت غير   اخر زمان بحال هذا خصو رجم حتي الموت لا رحمة ولا شفقة,True,['violence_and_threats'],violence_and_threats,0.997
سيرو الله يعطيكم مصيبة الله يعطيكم مرض السرطان,True,['violence_and_threats'],violence_and_threats,0.89
3,False,[],dangerous_and_criminal_content,0.002
تحية ناس وجدة من الجزائر,False,[],hate_and_discrimination,0.002
العميل حفتر مجرم حرب ولا بد من اجتثاث قواته وسحقها وهو الذي بدأ بالهجوم وقصف المدنين وجاء بالمرتزقة من كل حدب وصوب العملاء يجتثون بلا رحمة ولا شفقة إن لم يتم استئصال هذا المجرم فسيعيد تجميع قواته ويقوم بهجمات أخرى والحل السياسي ليس مع العملاء,True,['violence_and_threats'],violence_and_threats,0.987
عليه ما يستحق وكل من داس ارض السوريين,True,['hate_and_discrimination'],hate_and_discrimination,0.957
هههههههه نرييي,False,[],sexual,0.006
حتى متى يدافع هؤلاء المحللون المختصون  حسب زعم على إيران هذه الدولة الخرافية دولة مكابرة يكفيها ذلا أن الدجال سيخرج من أرضها,True,['hate_and_discrimination'],hate_and_discrimination,0.925
مسح القرعه ههههههههههههههههههه مسح يامخث مسح مخاطه القحبه الله يلعن امك وامها,True,['hate_and_discrimination'],hate_and_discrimination,0.99
عندما تأكدت السعودية الان ان حاليفها هادي مستقيل ولا يريد السلطة الان تريد أن ترجع صالح إلى السلطة بشروط أمريكا وبريطانيا,False,[],dangerous_and_criminal_content,0.019
شوهتو المغرب والمغاربه  اين المسؤولين في المغرب,False,[],hate_and_discrimination,0.407
باسل باسل,False,[],hate_and_discrimination,0.002
ال سعود مخربين فى لعالم لعربي كله,True,['hate_and_discrimination'],hate_and_discrimination,0.995
مشا باش يصور في صحراء الكليب بكترة الصهد نشف ومشا لو صوت ههه,False,[],sexual,0.077
السلام رضى فين الدار الجديدة ياك شريتي دار آخرة فهمنا,False,[],hate_and_discrimination,0.015
هذوك جوج لقوالب توع سكر موحال يقدو هذيك مسخوطة هي قد الفيل,False,[],dangerous_and_criminal_content,0.042
هو ماسخ وعائلة البنت اكتر منه لي لا حو بنتهم ليه  غواهم الطمع واش باقي شي زواج فاتحة في 2019  اوا سرهم لي ما كيعطيش قيمة لبناتهم  حولة لا قوة الا بالله,True,['hate_and_discrimination'],hate_and_discrimination,0.799
مكنحبش نهدر فالناس ولاكن لدار راسو فنخالة كينقبوه دجاج  طلقتي و عندك ولد خافي غير عليه يكبر و يشوف هادشي لمخفتيش من الله و مخفتيش من لي رباك خافي غير على ولدك لمن دمك شنو دنبو طلقتي ماشي نهاية عالم حفظي راسك و تسناي رزقك مرة خرى ماشي و مشكل كبير تلعماك الله و نتي فاسدة من الاساس لاش كتصوري راسك و ضحكي معاه  يا وجوه حبس زغبكم الله و بتلاكم برديلة ديرو غير فسرية ولا كتقبلو على شي عروض في افلام اباحية لا حول و لا قوة الا بالله هاد الشعب جوج حجات عندو الجنس و الفلوس هادشي باش معمرين كج,True,['hate_and_discrimination'],sexual,0.869
لبسي بعد غيبرميدى ملاتحت المشوها هداك راس,False,[],hate_and_discrimination,0.207
وا رضى نعل الشيطان دير روناتيناك كيف العادة وانت والا محتواك كل معاطيا مع العيالات,False,[],hate_and_discrimination,0.33
الجزيرة باب العربية,False,[],hate_and_discrimination,0.004
الإسلام اسلام لافيه يمين ولا شمال أمثالكم من يوجه الناس حسب ما يراه حسبنا الله ونعم الوكيل هل محمد بن سلمان نبي حتى تقول اننا نريد اسلاما وسطيا حسب ما يراه هذا المعتوه,True,['hate_and_discrimination'],hate_and_discrimination,0.923
عقبااال الباقي ههههههه,False,[],sexual,0.009
لا حول ولا قوة الا بالله والديها قطعو قلبي كون شدو لي صورها,False,[],violence_and_threats,0.544
,False,[],hate_and_discrimination,0.002
باش تبقا هاز سيف او تبقا تعدى على عباد الله او كاتضن بأنك رااجل ف نجيك من اللخر هااذ السيد هو لي كيمثل الرجوولة,True,['hate_and_discrimination'],violence_and_threats,0.793
"أوكار الأفاعي والعقارب تسمى عند المجوس مساجد
 اللهم  احصهم عددا و اقتلهم بددا ولا تدر منهم أحدا",True,['violence_and_threats'],violence_and_threats,0.995
بغيت نخلي شي تعليق لهاد المخلوقة ساعا مخي دار بلوك والله,False,[],hate_and_discrimination,0.621
هدا راه ضسر السرغينية نفخت وظن راس بصح واعر النوض تشلل,False,[],violence_and_threats,0.132
الرزق يأتي من حيث لا تدري,False,[],dangerous_and_criminal_content,0.002
نتسناو الرد تاع احساس راجل دنيا,False,[],sexual,0.056
هذا راه مرض واش الراجل لي بنفسو كيقبل مرتو تصور بحال هكا اووووووو على اساس التيليفون حاجة سكيوريزي ديرو النفس اعيباااد الله شوهتو بالتكنولوجيا,False,[],health,0.174
تفووووو على فيديو النيفو طايح,False,[],violence_and_threats,0.055
لله يشافيها و كنتمناو من يوسف زروالي يشوف هد حالة و يساعدها هو ديما كيوقف مع ناس فقراء و كيساعدهم لله يجزيه بخير و يوفقك اخي يوسف زروالي,False,[],hate_and_discrimination,0.022
"السلام عليكم 
مرحبا بيكم في القناة ديالي أن شاء الله غدي تعجبكم المحتوى ديالها انتمنى مترجعوهاش في وجهي",False,[],violence_and_threats,0.003
هناك حرب وشيك سنة سنة  بعد سقوط نظام الأ سدالذى سمآنآ العرب هرب,False,[],violence_and_threats,0.745
الله يقلل حياكم القناة د خرا هذا هو الاعلام هذا المسخ شوف زبل شوف قلة الحيا كطيحوا ها بالمستوى ديالكم هذا لو كان عندكم مستوى,True,['hate_and_discrimination'],hate_and_discrimination,0.886
الدولة الفارسية العجمية الشيعية لا تريد أي خير لكل العرب وبدون إتثناء وهذا يعلمه العرب جيدا ومع ذلك تراهم يقومون علاقات دوبلوماسية سياسية تجارية معها,True,['hate_and_discrimination'],hate_and_discrimination,0.984
من هنا تعرف بلي بنادم محساد تفو حشومة كاع باش تمشي تبقا تجبد الماضي دالبنت وتفضحها غا محيت حسدتيه حيت داها زوينة خصك تعرف بلي موتك حسن من حياتك  الله ينتاقم منكم تفو محسادين يخخخخ,True,"['hate_and_discrimination', 'violence_and_threats']",hate_and_discrimination,0.876
دابة انتي حاسبة نفسك مزجة وقبلتي تعري كن كانت عندك كرامة متعرايش تصاحبيتي تحملي المسؤولية ديالك متجيش تمتلي دور الضحية علاش هدا الخرجات الإعلامية بغيتو تشجعو على فساد ودمار الأسرة وتزيد نسبة الطلاق إعلام الفساد كيصورها هيا الضحية عرف راجل مزوج و مصاحب معه جات تقول جواح الفاتحة بحالك هما لي كيخرجو على شحال من مرآة كتطلق وأطفالها كيدمرو نفسين,True,['hate_and_discrimination'],hate_and_discrimination,0.834
هادي عاودات قصة سعد لمجرد,False,[],sexual,0.004
عربي إحدى قنوات المخلوع حمد بن خليفه تحت إشراف عضو الكنيست المسيحي الإنجيلي عزمي بشاره وهي باقه من ابواق صنعت للنباح حسب الطلب مذيعيها من بائعي أنفسهم في سوق النخاسه فلا مصداقيه لهم بالنسبه للوسم من السهل انشاء وسم وجعله ترند عالمي فهل يعني هذا,False,[],hate_and_discrimination,0.19
انا لا اشمت ولكن هادي فخاطر لي كيقول ان الحجاب هو العفة معمر كان المظهر كيعبر على شيء ياما بنات كيلبسوا سروال مزيير وووو والله متقبل دير هاكذا الاحترام والاتزان ولكن المجتمع كيحماق على النفاق,False,[],hate_and_discrimination,0.49
لعن آلله المتشبهين بالنساء والمتشبهات بالرجال,True,['hate_and_discrimination'],hate_and_discrimination,0.994
كل هذايحصل بهوان السنةوسيشيعون كل لمنطقة وهكذارسمت امريكا للمنطقة ووالشعوب تنتظر الا دورها فقط مفعول بهم,False,[],hate_and_discrimination,0.516
بصحتك السيسي,False,[],violence_and_threats,0.013
الله يسترنا دنيا واخرة ياربي,False,[],hate_and_discrimination,0.011
حشوما عليه هداك لشوها مبقاتش الإنسانية والله,True,['hate_and_discrimination'],hate_and_discrimination,0.761
يابنى انت مبتحرمش  هتلم البقر كلهم عليك دلوقتى و يقلولك يا كافر يا بتاع التطور,True,['hate_and_discrimination'],hate_and_discrimination,0.997
و نعم الرجاااال ملي وليتي أخويا نتا تحير أنا غانمشي نقرع,False,[],violence_and_threats,0.079
داب عاد ارونا شي راقي شارعى منهدوك لي كيقولو حنا وحنا يالله بينو لينا لى نجاح يدي شهرا ولحسناتلي متفق يعمال ليك,False,[],dangerous_and_criminal_content,0.055
كان الأولى بالدول الخليجية أن تغيث اللاجئين السوريين بدلا من دفع ٣٠ مليار دولار للانقلاب فاشل,False,[],hate_and_discrimination,0.095
حرام عليك,False,[],hate_and_discrimination,0.481
اصلا دايما السمية ديال فتيحة كتكون اللارب او حتى سميحة ههههه,False,[],hate_and_discrimination,0.598
والله تا وجها صحيح وهديك حالة ديرة في رأسك فيديوهاتك كلها إباحية الله يعطيك الدل,True,['sexual'],sexual,0.988
طيب عني لك مثال حي لشركة سعودية كاذبة ومحتالة ودجالة ثلاثة في واحد هي شركة الانفصالات السعودية بعد العروض الوهمية حقتها وبعد ما تحولت الناس الى اتصال 4 المتنقل وكانت السرعات جميلة فجأه رجعنا للعصر الحجري بسرعة لا تزيد عن نص ميقا يعني من 50 كيلو بايت إلى 500 كيلوبايت طيب وش ذنبنا ليه ماقالت انه يوجد استخدام عادل ليه انكرت الشيء هاذا طيب اللي اشترك في سنه ب 1600 او 1300 هاذا كيف يقدر يرجع فلوسة بعد الكذبة هاذة نص_ميقا سوينا مقاطعه لها علئ تويتر وسو حركة وصخة قامو نشرو في الهاشتاق ان المشكلة من زين واللي ينشرها كانو حسابات وهمية فا اتمنى منكم ياشباب تقاطعون الشركة الفاشلة,False,[],hate_and_discrimination,0.11
والله الى هيا حرة حنا غير نديو ذنوب,False,[],hate_and_discrimination,0.118
نتمنى هد الحب يكبر بينكم والله يبعد عليكم الحساد   ووالاد  الحرام,False,[],hate_and_discrimination,0.238
كس أم ابوتريكه,False,[],hate_and_discrimination,0.302
واش من نيتو هاد الحول,False,[],hate_and_discrimination,0.017
عرفتو هتلر شنو عمل ليهود,True,['hate_and_discrimination'],hate_and_discrimination,0.992
السلام عليكم المهم معتارفة بالخطأ ديالها الله يرزقني ورزقك من حيث لانحتسب,False,[],hate_and_discrimination,0.017
هو رجل ولد في جسد امرأة الله يعاونك مسكين,True,['hate_and_discrimination'],hate_and_discrimination,0.968
جيش بيمو غي كاتزيدوا المشاهدات لهاذ التب هههههههههه,False,[],hate_and_discrimination,0.052
وااااك واك أعباد الله هادا ليبقا ناقص سير أخويا دير ليك شي تكوين باش تعتق راسك أولا دبر على شي حرفة إما هادشي ليكادير فيه غير تخربيق ونقص ديك كثرة التعواج,True,['violence_and_threats'],violence_and_threats,0.884
أويلي دبا هادو لي غادي نشوفو فرمضان  قولولي إنا قنات غادوزو  دوزيم راه مسحتها هادي كتر من عام  بقات لأولي ولله حتا نكملها,False,[],hate_and_discrimination,0.039
رخصتي لجسم ديالك لما شرا يتنزه نتي بحال شي كانيطا شريتها من مول لحانوة القيتيها مطرطقا,False,[],sexual,0.19
دق آخر مسمار في سلميتكم و إيمانكم بالديموقراطية التي ورطكم فيها الإخوان و منهجهم المنحرف هذا إنذار و خزي من الله لكل من راهن على تغيير الحكام بالديموقراطية,True,['hate_and_discrimination'],hate_and_discrimination,0.688
هههههه اول مرة نسمع بنيدري يصبح مدير اعمال,False,[],hate_and_discrimination,0.008
انت تقول لبيك ياصدام حسين وتجد البعثية والدواعش مؤيدين بينما ينزعجون من لبيك ياحسين,False,[],violence_and_threats,0.476
لا شماتة الا في الموت الا اذا تعلق الامر بالعملاء الخونة الطائفيين الحاقدين كحوالش لبنان عبيد الفرس وخدمهم الاذلاء فالموت وقتها يكون جزء من حساب بسيط بغض النظر عن الطريقة,True,"['hate_and_discrimination', 'violence_and_threats']",violence_and_threats,0.991
"علاش كتمشو مع دراري وتتنعسو معاهم وتجو تبكو 
وا تمشيش معاه لدار وا متعطيش شرافك ويلا يبغيك امشي لداركم 
الخطا ديالك اختي",False,[],hate_and_discrimination,0.599
سير اسمحمد الله يعطيك العز ما دل راك فيه,False,[],violence_and_threats,0.013
كل النهار كتبان مصيبة جديدة قريب المغرب يصبح كله سيدات,True,['hate_and_discrimination'],hate_and_discrimination,0.766
حشوومة هادشي العادة السرية راه حراااام انا عمري مادرتها و ماغنديرهااش,True,['sexual'],sexual,0.989
ولاو كيبدعوا فطرق السعاية من اليوتوبمابقات لا رجولة لا زمر,False,[],hate_and_discrimination,0.453
الفقر هو السبب تنتمنى من جلالة الملك يشوف من حل المرأة مطلقة أو أرملة أو لي ماخداماش يساعد شهريه و منزل للسكن باش حتى واحد ما يفسد و يتعداو عليهم وووو,False,[],hate_and_discrimination,0.319
ندي لمك حقك واخا لملك عاطيك حق الزملة والله ترضك راجل بمعنى لملكة هاني لاهم فيك أجي عند لسلا حي انبعات زنقة 99,False,[],sexual,0.408
حرام وكفر بالله اكبر الى النار جهنم وبئس المصير,True,['hate_and_discrimination'],hate_and_discrimination,0.936
واضح تماما أنك لم تتعلم شيئانعم أخطات أمك كان الأولى بها أن تضربك لعلك تفهم,True,['violence_and_threats'],violence_and_threats,0.959
حمدلله مكيناش انا كون فلقتو فراسو اللهم اجعل كيدهم في نحورهم و عاش المغرب ملكا وشعبا والله ينصرنا على القوم الكافرين,True,"['hate_and_discrimination', 'violence_and_threats']",violence_and_threats,0.96
لم أستطع ان اكمل هذا الشي  مستوى تحت الصفر  المغرب لا يستحق هذا,False,[],hate_and_discrimination,0.509
قليل آداب كلامك بهدل بالاغنيه موسخ,False,[],hate_and_discrimination,0.257
وتسقط ثالث ورابع وليشهد العالم سوف نقوم بتصدير هذه الثوره لكل دول الطواغيط بدايه بالخنزير السيسي,True,"['hate_and_discrimination', 'violence_and_threats']",violence_and_threats,0.914
ربي يفرج عليك,False,[],violence_and_threats,0.019
الله يفرحكم لما فرحوني ب ابوني راني محتاجة دعمكم,False,[],violence_and_threats,0.008
مافيدوش  كان عليه يحشيه لموك فلقلب إلى عندك,False,[],violence_and_threats,0.234
الله يستر العيب خاصها واحد العقوبة غير تكون مخففة شوية,False,[],hate_and_discrimination,0.47
لا تقولوا انفصالي وإنما قولوا عميل اسباني,False,[],hate_and_discrimination,0.264
"السلام عليكم وبعد
مع اقتراب شهر رمضان المبارك يجب الاكثار من الدعاء على أعداء الإسلام خصوصا أعداء مصر وعلى من ينشر الإسلام فوبيا",True,['hate_and_discrimination'],hate_and_discrimination,0.859
الله  يعطه مصيب الخاءن,False,[],hate_and_discrimination,0.464
أغنية خروانية جميلة جدا هههه,False,[],sexual,0.232
لا حول ولا قوة الا بالله العلي العظيم استغفر الله العظيم الذي لا إله إلا هو الحي القيوم وأتوب إليه اللهم صلي وسلم وبارك على نبينا محمد وعلى اله وصحبه وسلم تسليما,False,[],hate_and_discrimination,0.009
كلنااا زهيييربغينا الاعدااام,False,[],hate_and_discrimination,0.138
اصحاب الخوذ البيضاء احذيتهم انضف واشرف من الجعفري وكل نجس خنزير متلو  وجبهة النصرة عملت منن فطايس بلحمة بحمص الله يسلم ايديهن وعقبال كل خنزير منن او بوقف معن,True,"['hate_and_discrimination', 'violence_and_threats']",hate_and_discrimination,0.993
الله يمسخك على هاديك لكلمة لي قلتي المزوق على بر اش خبارك من دخل باين فيك وش بنت كلام ديالك باين حسبي الله ونعم فيكم,False,[],hate_and_discrimination,0.627
قاسم سلیمانی قاهر الدواعش  اللهم انصره علی التکفیرین,True,['violence_and_threats'],violence_and_threats,0.91
اعتقد ان الصلاة بخشوع تركيز تحولك من الشتات الى القلبية  ماذا يريد قلبك   بعيدا عن ماديات الحياة,False,[],hate_and_discrimination,0.003
الفن د القلاوي   حشا   المشاهدين,False,[],sexual,0.279
كن غي كان شي صدر بعدا لي تعري هو مجلود كن غي سترتي راسك هههههههههه,False,[],sexual,0.73
بقاو ليك غير ليلونتي,False,[],sexual,0.22
سيري بغيت لأمك حجة لما ديري ليا أبوني باش نكمل شروط يوتيوب,False,[],dangerous_and_criminal_content,0.05
يجب اعتقال الشخص الذي كان معها وقام بنشر المقطع,False,[],violence_and_threats,0.587
لو استقبلته مكة لما مات على شواطىء الغرب,False,[],violence_and_threats,0.058
لم يفاجئني الخبر تربية تق,False,[],hate_and_discrimination,0.418
الله اشافيها,False,[],violence_and_threats,0.27
الخليج راح يدفع الثمن,False,[],violence_and_threats,0.641
تركيا اضعف دولة امام اسرائيل,False,[],hate_and_discrimination,0.407
لعنة الله عليه هدا مجرم,True,['hate_and_discrimination'],hate_and_discrimination,0.92
وما ينتظر تلك المنطقة الذى رسم الاستعمار الروسى امريكى خريطتها شيعية يحسبون انهم يظحكون معهم وتحت حكم عملاء المستعمرين لتلك المهمة,True,['hate_and_discrimination'],hate_and_discrimination,0.696
نحن السودانيين في مآسي اكتر منكم بليز اعطونا نظرة يا اخوانا مش العروبة ولا شنو,True,['hate_and_discrimination'],hate_and_discrimination,0.901
الوليدة ديالي توفاة شهرين دعيوة معاها برحمة والله,False,[],violence_and_threats,0.158
لو تحب زوجتك ما تحط كتفك في كتف كافرة وتخليها تقول لها إنها تحبها ألاعيب الذكور دي يمكن تمشي عليها بس ما تمشي علينا فمافي داعي تفرجنا على ألاعيبك السخيفة,True,['hate_and_discrimination'],hate_and_discrimination,0.95
كلامك متناقض كتلقاي معاه ومعشراه وبخاطرك ونتي مشيتي عندو المهم نتمى يدير معاك حل والله يحفظك نتي ولدك,False,[],hate_and_discrimination,0.413
مكاين الي شوه المغرب گد هاد شوف تيڤي,False,[],hate_and_discrimination,0.317
راه حريودة شبعان فيك معيار الله يعطيك الدل الولية ايمان حلفت عليك قالت ليك شوهتي مع عاءلتها,False,[],sexual,0.401
دفع أهل مصر المسالمين دفعا لكره الحياة و كل مناحيها آخر من كنت أظن بأنه مستعد لتفجير نفسه هو المصري و لكن و بفعل ضغوطات العسكر و داعميهم مساخيط آل نهبان و ولاد سعود عميل الإنجليز للأسف المصيبة لن تتوقف عند هذا الحد فهناك ملايين المصريين لم بعد,True,['violence_and_threats'],violence_and_threats,0.831
الله اعفو عليك اما الكوورة رانك فنان فيها,False,[],hate_and_discrimination,0.14
"وين صور المدنيين المقتولين من الانفجارام تبخروا
الظاهر ان الاهالي المهروعين لا يوجد عندهم موبايلات او نسيوها وهما بجروا
اووهيه الاصح
دي اخبار اعلام جيش صباع الكفته الكزاااب",True,['violence_and_threats'],violence_and_threats,0.932
هذا كيتسمى اضطراب الهوية الجنسية لي شخص كيحس براسوا واحل في جسد عكس احساسوا ورغباتوا وهاد الحالة عندها جسد امرأة  والروح والإحساس والرغبة والتفكير ديال رجل هاد الحالة خصها علاج نفسي وجسدي وكنتمنى شي حد يوقف معها والله يشوف من حالكم ياربي,False,[],health,0.036
افضل تقنية هي الموجات الصوتية رورو موقعنا,False,[],dangerous_and_criminal_content,0.008
حيت سميتها بنيس هانيا ما واقع والو أما لي سميتها خرشوف والله ما تبقى تشوف بكترة السبان,False,[],hate_and_discrimination,0.434
الله يلقيها لك اشوف تيفي على هاد المواضيع والوجوه,False,[],hate_and_discrimination,0.05
لكنت أنا راه نسلخو,False,[],hate_and_discrimination,0.114
المشكل بسيط بنت فقيرة بغات توصل داغيك رغم معرفتها بزواج المحامي إستعجلت وتزوجت بالفاتحة وأنجبت ضاربة عرض الحائط مشاعر الزوجة الأولى المهم هي تكون فرحانة والزوجة الأولى لتذهب إلى الجحيم,True,['hate_and_discrimination'],hate_and_discrimination,0.976
هؤلاء لايفقهون الا الكبسة والمفطح لاشان لهم بالاستراتيجية الحربية ولا يحزنون تتقاذفهم امريكا وايران لخدمة مصلحتهما وهم ينفذون الاوامر دون تفكير او اعمال للعقل مادام الكرسي مضمونا,True,['hate_and_discrimination'],hate_and_discrimination,0.826
لاتسألوا الناس البسطاء في الشارع بل اسألوا رجال السلطة والقائمين علي ضبط الامنوالاخلاق في بلد تحكمه سلطة امارة المؤمنين,False,[],hate_and_discrimination,0.114
عرفتي علاش باش تقرأ لكمنترات حيت ربي بغاليك هاد الدعوة سير الله ينجحك ويوفقك وبغيت لممتك شي حجة  الا فرحتيني بابوني بغيت ربي يفرحك,False,[],hate_and_discrimination,0.037
شوف تيفي لقاو الشعب مكلخ و جايبة هاد المصطية تمتل  علينا باش طلع المشاهدة وا عيقو,False,[],violence_and_threats,0.082
راه ماش الفورنو لي موسخ راه انت لي موسخة حيث باغيا الفلوس باي طريقة الله يعفو عليكم,False,[],dangerous_and_criminal_content,0.42
مافهمت والو واش هادو رجال ولا عيالات واش هاد المخلوقات,False,[],hate_and_discrimination,0.114
واش  دابا  نتي  كتعاودي  هاد  الشي  والعائلة  ديالك  كتسمع  واش  عندكم  رجال  في  العائلة,False,[],hate_and_discrimination,0.137
محكمة الديوث واش تدخل گوگل الصور و تكتب سكس مغربي  صدمة مقارنة مع المجتمع الصهيوني و الغير المتدين المسيخي,True,"['sexual', 'hate_and_discrimination']",sexual,0.959
والسياحة الأجنبية وعدم مسؤولية الوالدان,False,[],dangerous_and_criminal_content,0.01
,False,[],hate_and_discrimination,0.002
"واش غير واعدك و عطتيه كلشي 
قلة لعقل مصيبة",False,[],hate_and_discrimination,0.504
لوكان ماكانش الكلبة مايكونوش لكلاب,False,[],hate_and_discrimination,0.102
"سبحان الذي عافاني مما ابتلاك به وفضلني على كثير ممن خلق تفضيلا
تعاليم الإسلام الحريصة على مكارم الأخلاق تقول
لعن الله المتشبهين من الرجال بالنساء",True,['hate_and_discrimination'],hate_and_discrimination,0.993
يا أمة ضحكت من عارها الأمم,True,['hate_and_discrimination'],hate_and_discrimination,0.801
ادبار ادبار ادبار جيش بشار ولى الادبار  سيهزم الجمع ويولون الدبر,True,['violence_and_threats'],violence_and_threats,0.933
الشوهة تفو,False,[],hate_and_discrimination,0.151
كون كان بصح رجلها والله متصور هكذا,False,[],sexual,0.616
هاد السيد  تي موت نهار  بنهار  ولكن دافع السدر ههههههههههههه الله يكون ليك عوين اخويا السمحمد,False,[],hate_and_discrimination,0.121
أما حديثنا عن المتاحف والتحف والتاريخ فسيكون للتاريخ وللمتاحف اسمها وبريقها الأخاذ وسيتشعر التحف بالرضا والسرور والمتحف والتاريخ وعاء المخلفات التاريخية على اختلافها وهاديها وقاديها,False,[],dangerous_and_criminal_content,0.003
سير شوف غير هدوك لولاد لي ناسيهم,False,[],hate_and_discrimination,0.089
39 غرزة وكالسة عليها الله ينعل لي مايحشم سيري تكمشي الله عالم لي بيه,False,[],violence_and_threats,0.149
هل هي عذراء,False,[],sexual,0.692
شوهتو المغرب والمغاربه  اين المسؤولين في المغرب,False,[],hate_and_discrimination,0.407
تعليقي مختصر لكل امه زباله وهؤلاء زبالة السنه ثم ان اغلب الذين نزحوا كانوا كلاب للحكومه الصفويه و الله ناصر جنده وخاذل المرتدين,True,['hate_and_discrimination'],hate_and_discrimination,0.999
الله يستر تبخلصوه بالساعة خدام تيتحير بحال شي ذبانة  كمارة ميكة كحلة  حاكين ليه السودانية في خرزتو,True,['hate_and_discrimination'],hate_and_discrimination,0.73
بعد بيان مكرها وخداعها أصبح من الواضح ان امريكا يجب  ان توضع بياناتها واجتماعاتها في مكب النفايات تماما,True,['hate_and_discrimination'],hate_and_discrimination,0.931
شوفي علي حالتك ماالك اش كنستفادو منك دبا بنتيعلي حقيقيتك,False,[],hate_and_discrimination,0.052
نسأل الله ان يتقبلهم,False,[],hate_and_discrimination,0.004
ما هذا الخراء,True,['hate_and_discrimination'],hate_and_discrimination,0.724
دابة اش درت ليك  إيمان كتمسخر عليها قدام الناس  والعواشر هادي ماشي حشومة بحالة عمرك شفتي الخير  سير لعن شيطان  وباركة من تنمر دابة ولات شارفة نهار خطبتيها كانت صغيرة,True,['hate_and_discrimination'],hate_and_discrimination,0.987
مابانت ليكم غير هاد البنت مسكينة تشدوهة كاين كثر من هد فديو امدرتو معاهم والو,False,[],violence_and_threats,0.201
نرجو من الجزيرة عدم نشر اخبار بين الطفلين الكورتين صدعو رؤسنا كل يوم تهديد و وعيد ولا شيء يحدث ولا يتصرفون كدول كل يوم برأي وافعال مال مزعطه,False,[],violence_and_threats,0.493
حيد هاد الويل راك شوهتينا مع دزاير وبوليزاريو حشومة عليك مسح زبل راه كيقي تفووووووو,False,[],violence_and_threats,0.4
فيصل اثري زامل ماشي ممثل ولا مغني كان خاصهوم يسميوك فيصل مثلي تبا لك ولأمثالك,True,['hate_and_discrimination'],hate_and_discrimination,0.993
العروبي ماساهل,False,[],hate_and_discrimination,0.405
سوال غبي لانو معروف في بلادنا العربية وبالأخص هون اللعبة لا بطعمي خيز ولا بتخليك تجمع مهر رونالدو ولا ميسي انطزو من بطن أمهاتهم في بلد بعشق الكرة وبلد في آحترام لحقوق الانسان هون عنا لا حقوق وإذا عندك موهبة بفضحو عرضها تدخل في سبات عميق,True,['hate_and_discrimination'],hate_and_discrimination,0.772
وفيييينك الرجال هههههههه مرا حطات ليكم كواريكم هههههه,True,['hate_and_discrimination'],hate_and_discrimination,0.864
هادشي شحال خايب و مقرف أووووووف الكلمات ملقطة و اللحن لا علاقة أما الإخراج كور و عطي لعور,False,[],hate_and_discrimination,0.113
بطبيعة الحال كدابة  غير من هضرتك الاولى لوطيل من بابه لوريني كدابه هداك غير لخدامين في الفند,False,[],hate_and_discrimination,0.521
انا مغاديش نرد حيت ماعندي مارد ردو انتما,False,[],hate_and_discrimination,0.021
فعلا معك حق ليش نلومهم نصفقلهم ونرقصلهم افضل ولا نمنحهم وسام افضل ليش نلومهم اطلع من باب التقية اللي عايشه ان كنت شيعي ولا مسيحي,True,['hate_and_discrimination'],hate_and_discrimination,0.661
بغات تلسق بسيف يع تفو,True,['violence_and_threats'],violence_and_threats,0.88
الله يدخلها عليك بصحه ولعافيا دغيا ختي هادي وبعتي لخرا,False,[],violence_and_threats,0.742
الشرقيه كانت تسميها الجزيرة وقت الانتخابات معقل الاخوان المسلمين,False,[],hate_and_discrimination,0.04
هذيك زوهرية ومكاينش شي جن مسلم كتعدا علي الانس,True,['hate_and_discrimination'],hate_and_discrimination,0.985
الله يفضحكم كيفما كتفضحو عباد الله,False,[],hate_and_discrimination,0.133
باين متافقين وكتكدبو على الناس سير تكمش رضا راك باين فيك الكدوب,False,[],hate_and_discrimination,0.393
عارف اية فى القرآن الكريم قال الله وقوله حق ان قوم اللوط تيتعدبوا دابة فالدنيا قبل مايكون ا حطب جهنم وتيتعرضوا على جهنم ويرجعوا إلى أن تفنى الدنيا وما عليها فين زايد نعلة الله قوم اللوط ياويلكم انت وهي ولي بحالكم هذا سخط الله نازل عليك لاحول ولا قوة الا بالله العلي العظيم الله ينزل عليكم غضبه الكافرين بالله نعلة الله عليكم إلى يوم الدين الفاسقين ياقوم اللوط وخا دازت عليك  هاذ المصيبة وسلط عليك مولانا لي عطاك قتلة ديال لعصى وسرق ليك الوسخ ديالك يعني على كل ما طراليك والدموع لي نزلوا فين زايد النجاسة انت وهي اش هاذ الو سخ اش هاذ الدناءة ياويلكم يوم الحساب اش هاذ المنطق لان كل حرف موسخ تتشدوا عليه لفلوس وسخ الدنيا قارون كان غني وحتى الساروت ديال باب دارو من ذهب وربي سبحانه نسفوا نسيف تحت الارض,True,['hate_and_discrimination'],hate_and_discrimination,0.952
لا حول ولا قوة إلا بالله ستري غير راسك الله يعطيك ذل لا نتي لا داك جحموم ديالك,False,[],hate_and_discrimination,0.264
انها اللعنة هذا الصوت كل من سمعه اصيب بصمم,False,[],hate_and_discrimination,0.206
بقيت في,False,[],dangerous_and_criminal_content,0.002
الله يعطيك الدل من عندي,False,[],dangerous_and_criminal_content,0.012
في بوزات مختلفة هههههههه,False,[],sexual,0.23
الطراكس الأنوثة ماشي بحال بنات اليوم  ديرين بحال الدرري اشمن جمال باقي هذا الزمان,False,[],hate_and_discrimination,0.312
الثورة التونسية أكبر نكتة,False,[],hate_and_discrimination,0.53
حماضيتي وعيقتي ولا خلصتيها محقها نتا لبغيتها ماشي هي جات طلبتك كرهتك نتا اكبىولد القحبة وكتمنى ترجع الحبس,True,"['hate_and_discrimination', 'violence_and_threats']",violence_and_threats,0.949
الجزيره أصبحت سلعه رخيصة لأراء الساقطين سياسيا وأخلاقيا ما هذا الهذيان الذي يحمله هذا المقال,False,[],hate_and_discrimination,0.321
لحولا ولاقوت الا بالله,False,[],hate_and_discrimination,0.078
"الظاهرأنه سيؤدي بناشعب مختار كبني إسرائيل إلي الحتفام إلي إبادتهم ودهسهم دحسهم بين باقي العالم والشعوب
ها نحن وبملئ الفم نقول له أرسل معنا بني إسرائيل",True,"['hate_and_discrimination', 'violence_and_threats']",violence_and_threats,0.981
او الزكيكة شنو درتي فيهاااا,False,[],sexual,0.107
مساكن هد الناس بقاو فيا دراوش مساكن الله يفرج عليها ويحنن لقلوب  عليها هية غلطات وخا انا مشفتش الفديو اومبغاش نشوفو رحم ها على قبل وليدها اوليدتها,False,[],sexual,0.098
اشهاد المستوى لوليتا فيه عادي حيت دبا ولا تجي وتشهر فينماكان شي جاهل صورو معاه ونتوما الصحافه واش معندكم مايدار طيحتو بالمهنة,False,[],sexual,0.299
واااااااااااااااوووووووووووووووو عظيم,False,[],violence_and_threats,0.004
عندي احسن حكم عادل بإذن الله يتم جمعهم ابمتهمين بنفس المدرسة و إشعالهم لمدة دقيقتين ثم إطفائهم ثم إشعالهم مرة أخرة ٥ دقائق و هكذا إلى أن يتم القصاص  عليها رحمة الله,True,['violence_and_threats'],violence_and_threats,0.997
سلام رضى نتى عزيز وكنقدرو ظروف الي دزتي منها والحمدو الله ربي كبير مكيتخلاش عليك وكتعاود تنوض ولاكن وقر عليك لوليات راه ربي مكيبغيش تعدو صافي  وقرهم وخلي كل واحد منو الي خلقو وبعد على عيلات راه عندهم ولادهم ونعل الشيطان حتى واحد ما هو ملاك تبغي الي يهبش في حياة خوتاتك ولى الي يسب ليك شيشي ونعل شيطان  راه عواشر مباركة بلى متبقاش ضرب في أعراض لوليات,False,[],hate_and_discrimination,0.355
او حترم ندى حيت دارت معاك مزيان على أوجه شي كيدوز  شي نعل الشيطان احشوم هادشي خليك حنين أو طيب,True,['hate_and_discrimination'],hate_and_discrimination,0.838
أش هاد شوهة ياربي لحبيب,False,[],sexual,0.105
تفو على فشل الله يشفيك يا صاحب الفيديو و الريبورتير على الأسئلة السخيفة والفشلة الله يهديكم,False,[],hate_and_discrimination,0.42
يارب أتوسل إليك باسمك الأعظم أن ترزق اليد التي إشتركت في هاته القناة فرحة يسجد لها باكيا ورزقا وافرا امي رائعة في تمتيل,False,[],sexual,0.247
كلشي يدير بلاغ شكون متفق,False,[],hate_and_discrimination,0.021
الاخوان اغبياء لم يفهموا معنى كلام مرسي وبيقلول سمموه ولكن قصده الاكل اللى بيتقدم له لايناسب مريض سكر ولو مات ده قدره تحيا مصر,True,['hate_and_discrimination'],hate_and_discrimination,0.881
,False,[],hate_and_discrimination,0.002
ياآمة ضحكت من جهلها الآمم,True,['hate_and_discrimination'],hate_and_discrimination,0.956
و اللذي نفسي بيده لن أتوقف عن مناصرتي و تئيدي لأهل الحق و لو بقيت وحدي اقاتل مادمت حيا و فيا عرق ينبض سنجار تتبدد و الصليب يتفتث و القادم ادهى و أمر باقية و تتمدد إن شاء الله,True,['violence_and_threats'],violence_and_threats,0.866
لیس لهذه الهیئه عنوان مشخص من مسئولها و من تحدث عن جانبها کله کذب یا کذاب القناه الجزیره,False,[],hate_and_discrimination,0.079
يا اولاد الافاعي يا انجاس قطر من احضرت الارهابيين الي ليبيا وموتوا بغيظكم لقد انتصر الجيش الوطني الليبي والمصريين جميعا يهنئون الشعب الليبي عاشت الايادي ويسلم المشير خليفه حفتر,True,['violence_and_threats'],violence_and_threats,0.962
لم يكتفي بالذهاب للتعزية كانوا ليغفروا له ذلك لكنه بكى بكاء الحريم على زوجها بماذا تفسر بكاءك يا  ربما الوصف الدقيق هو انه عميل من عملاء الصهاينةكم أكره الخونة,True,['hate_and_discrimination'],hate_and_discrimination,0.998
خل الشرعيه وعبدربه منصور تنفعكم,False,[],hate_and_discrimination,0.024
يربي تعطينا حسن ختام عطا الله خدامي حلال وربي تيفيض فيها رزق,False,[],dangerous_and_criminal_content,0.01
مراوغه وقحه من الصفويين,True,['hate_and_discrimination'],hate_and_discrimination,0.762
التخابر مع قطر شرف ماأجمل سورة ق يراجعها قوم بهم إيمان سبحان الله,False,[],hate_and_discrimination,0.027
خففو عليها البنت غلطت مسكينة استرها الله يعطيكم الخير,False,[],hate_and_discrimination,0.182
"رضى فقدتي المصداقية 
ياك هي غير شارفة و معفونة",True,['hate_and_discrimination'],hate_and_discrimination,0.985
و سير الله يمسخك هيا الطبيبة و المحامية و المهندسة و القاضية و زيد او زيد صافي ما صالخاتش  للزواج صافي غير الباغيات صاحبات روتيني اليومي اللي اهتمامهم  منحسر غير في المؤخرات و المقدمات هما اللي  يصلاحو للزواج ايوا زيدها في بالك هادوك غير نزوات عابرة وهاد المحامي خير دليل شبع و رجع كيجري عند مرتو قاليها عتقيني,True,['hate_and_discrimination'],hate_and_discrimination,0.791
كل مخلوع وفاقد ملكه وسلطته,False,[],hate_and_discrimination,0.405
فرحو اختكم بابوني الله يفرحكم يا رب ويزيل الهم عنكم عانوني بابوني الله يفرحكم ببيت الله يا رب اعتبروها صدقة جارية تحتسب في ميزان حسناتكم يا رب,False,[],hate_and_discrimination,0.098
الطلب يخلق العرضماحد عندها مشاهدات كبيرة غادي تبقى تدير هذه الفيديوهاتو سيرو هدرو مع المشاهدين باركة من النفاقششش,False,[],hate_and_discrimination,0.108
عندوا بجيلك واحد وبحكي هاد نوع من أنواع عبادة الشيطان  وانتوا كفرة وبتقلدوا الاصنام,True,['hate_and_discrimination'],hate_and_discrimination,0.991
الله يشفك اختي ويعافيك الله يشوف من حالك,False,[],violence_and_threats,0.008
بعد نشر شوف خيخي لهذه الفضيحة انا درت ديزابوني لهذه القناة لي مغربي حر يدير ديزابوني,False,[],hate_and_discrimination,0.219
أنا متأكد أنك السيسي خلف اسم مستعار,True,['hate_and_discrimination'],hate_and_discrimination,0.964
ههههههههه ستضرب شريفه باذن الله ليتوقف قتل المسلمين وبعدها تخضع اذنابها,True,"['hate_and_discrimination', 'violence_and_threats']",violence_and_threats,0.998
مكتوبه الخمات قتليك الخدمات,False,[],dangerous_and_criminal_content,0.006
غا لبستي قفطان بديتي تتعوج الله يعطيك ذل المدلول لعنة الله عليك ثفو,True,['hate_and_discrimination'],hate_and_discrimination,0.957
كنت من عشاق اغانيك من تطوان ولكن قودتيها نكرتي ولادك حرام عليك,True,['hate_and_discrimination'],hate_and_discrimination,0.989
الارهاب هو حكام وحكومات الاستعمار,False,[],hate_and_discrimination,0.316
لبنان ما معهم فلوس يلموا زبالتهم ووسخهم ولكن معهم فلوس لبناء جدار حول الفلسطينيين  بس مش مشكلة الزمن دوار,True,['hate_and_discrimination'],hate_and_discrimination,0.98
مللي نبغي نضحك نجي تفرج هناااا على هاذ العاهااااات,False,[],dangerous_and_criminal_content,0.036
الله ينصر الجيش العربي السوري   والمقاومون,False,[],violence_and_threats,0.522
دخلت نعاونو ب  واش كيتعتابر عمل خيري الاخوان,False,[],hate_and_discrimination,0.016
يا كمال فامريكاذلك ما تتوعد تسعى اليه ان تدعمو االدولةالاسلاميةومخطط اى تلقىالشعب السورى من نارلنار اخرى وليس لانقاذه واوباما يعلم مما يقول ومخطط,True,['violence_and_threats'],violence_and_threats,0.953
اشنو الفرق بينكم او بين صحابات روتيني اليومي,False,[],hate_and_discrimination,0.021
إنزل وإهتف جيش الكفته والبلطجيه إيد وحده ول يا ول جيش الكفته والبلطجيه إيد وحده ول يا ول وعلى رأى المثل هبله هبله هبله ومسكوها طبله,True,['violence_and_threats'],violence_and_threats,0.911
الله يطلق سراحك أخويا كون غي طلقتيها راه غي الوسخ هدوك روتين يومي,False,[],violence_and_threats,0.605
ههه أنا راجلي ربع سنين وأنا كنعرفو ونهار الخطبة تزيرت وحشمت فلا أول مرة نشوفو سبحان الله وتا راجلي حمر من وجهو وتزنݣ,False,[],hate_and_discrimination,0.342
اول وحدة هي سكينة كلامور اللي صورات اما صحاب الخير والسترة مكيصوروش مكيبانوش,False,[],sexual,0.091
لاحول ولا قوة الا بالله العلي العظيم حسبي الله ونعم الوكيل,False,[],hate_and_discrimination,0.005
بغيت ليك دقت جدي مات وخلى العشاء مسقي,False,[],violence_and_threats,0.547
"للي شاف بلي مراتو كتشبه لنيهان بطلة مسلسل حب اعمى يدير جيم 
ماشاء الله عليهم الله يخليهم البعضياتهم",False,[],hate_and_discrimination,0.363
شوف تي في قفرتيها غى يجي من مكة يبد بيك غير وجد راسك هههههه,True,['violence_and_threats'],violence_and_threats,0.821
تناخت,False,[],hate_and_discrimination,0.004
فاش شدتكوم زملة مشيتو لوطيل دبا تجيو  تبكيو علينا نوضو تقاودو بركة من تقلوين,False,[],violence_and_threats,0.629
الكلاب على اشكالها تقع,False,[],hate_and_discrimination,0.064
لماذا لا يتم إنشاء أحزاب نازية و أخرى صهيونية بالجزائر مادام سيسمح للإرهابيين بإنشاء أحزاب,True,['hate_and_discrimination'],hate_and_discrimination,0.993
الشمات ترجال معك الملولى,True,['hate_and_discrimination'],hate_and_discrimination,0.837
الله ينتقم من امهات الجنود العرب الي خدمتها حراسة عملاء الامريكان الخون واطلعولي بفتوة طاعة ولي الامر عدو الله,True,"['hate_and_discrimination', 'violence_and_threats']",hate_and_discrimination,0.956
واللهالعضيمرانيمرضتحشومعليكاولديمالكعلىهادالحالةشوفتفياللهيخدفكمالحق,False,[],violence_and_threats,0.181
خاص يماهم الحبس بزوج ماشي غير هي بوحدها أو هو بوحدو حيث مكانش عليها تدير علاقة مع واحد مزوج راه حتى مراطو ولية وحشومة عليهم يغدروهاغير مراطوا كان عليها تصيفط الزمر كولو الحبس تفوا هادي نهاية الحرام,False,[],hate_and_discrimination,0.258
اللهم ارحمنا فوق الأرض وتحتى الارض ويوم العرضا عليك,False,[],violence_and_threats,0.002
عيب كبير من لاعب متواضع المستوى لم يفعلها كبار لاعبي العالم قلة أدب وقلة احترام,True,['hate_and_discrimination'],hate_and_discrimination,0.641
اذا سمعت كلابا تنبح فاعلم انك في قطر فبها جزيرة تأوي كلابا في وجوه بشر,True,['hate_and_discrimination'],hate_and_discrimination,0.829
بقيتي كتبينى فقزيبتك  حتى شركها ليك   زركة كمارة,False,[],sexual,0.132
وخا ماشي والدها البيولوجيين راه مربيينها اب وام  كيفما كا ن الحال الله ادير ليك شي تاويل وافك العقدة اديالك ابنتي تهلا فيها راك باجرك بقى صغيرة وغزالة الله اخلف ليك ما ضاع,False,[],violence_and_threats,0.113
اودي لبراهش يديروها او لواليدين يتكرفصو,False,[],sexual,0.065
الله يهدي ماخلق,False,[],hate_and_discrimination,0.019
عملاء قادرين على أن يلعبوا في كل مكان,False,[],dangerous_and_criminal_content,0.005
ثلاثين سنة مازا فعلتم بعيتم الأرض ودمرتم البلاد وافقرتم الشعوب ارحلو يا صهاينة العرب,True,['hate_and_discrimination'],hate_and_discrimination,0.999
بكاوني مساكين والله ناس عظماء,False,[],hate_and_discrimination,0.456
منافقيييين ليسو منا ولسنا منهم  تحية للشعب المغربي الحر,False,[],hate_and_discrimination,0.535
"مالذي يحصل في قناة الجزيرة
انها تجردة من شعار القائل قناة الراي والراي الاخر  لا راي ولا راي اخر
حتى برامجها الاتجاه المعاكس والعمق الخ مجرد تفاهه وتبجيل في الطغاة",True,['hate_and_discrimination'],hate_and_discrimination,0.654
انت لا تستطيع اصلا  يا كلب ايران,True,['hate_and_discrimination'],hate_and_discrimination,0.998
و عندك واحد أورانج و مصلحوا وخلي البقشيش معاك يا قهوجي,False,[],dangerous_and_criminal_content,0.159
اي حاجة خاصها تشرمل سي محمد تيتكلف بحال الحوت بحال الترمة بحال اللوليا,False,[],sexual,0.197
دور بلاده في دعم الحروب على بلدان المسلمين هذا والله ما نعرف ونشهد به أما قوله أن بلاده تدعم لم الشمل فهو والله كلام لا صحة له على الإطلاق,False,[],violence_and_threats,0.379
"أغنية خروانية جميلة جدا هههه
يا مسخوط الوالدين جرجرتي هاد الديسك دينمو مزيان هههه
إخان صافي",True,['hate_and_discrimination'],hate_and_discrimination,0.842
لاحول ولاقوة الا بالله المغرب غادي في الهوية يارب تلطف بنا,False,[],hate_and_discrimination,0.026
"الله يكون فعوانو
سيد ماشي لخاطرو  و العلم لله",False,[],hate_and_discrimination,0.06
خاصها الحبس شوهتنا تفو  عليكم خاصنا سينياليوها,False,[],hate_and_discrimination,0.12
بل هذه الخلافة هي التي ستدك عروش الظالمين الفاسقين حكام العرب  وبعدها ستنتقل إليكم يا كاميرون في وتجعلكم عبيدا وتبيعك وأبناءك وبناتك في سوق النخاسة بإذن الله تعالى,True,"['hate_and_discrimination', 'violence_and_threats']",violence_and_threats,0.982
ما أرحم الله بنا قاع هاد شي ومغسفش بينا الأرض,False,[],violence_and_threats,0.107
"للأسف عندما يبتعد الإنسان عن ربه ويعصي ربه يموت ضميره ويتسلط عليه الشيطان لعنه الله فيكون أكثر من الحيوانات لا رحمة ولا ضمير ولا إنسانية نعم ممكن نغلط ممكن نقصر ممكن تطيح لكن ضميرك وانسانيتك تبقي موجودة يأنبك ضميرك وترجع وتستغفر اسف فالعيب فينا وليس في شريعتنا التي لو طبقت الحدود فيها لما ارتكبت الجرائم بهذا الكم الذي نراه اليوم
الله يفرجها على كل مظلوم ويهدي كل ضال ولا حول ولا قوة إلا بالله العلي العظيم",False,[],hate_and_discrimination,0.242
واسفاه كيف يكون للمرأة التي حملتك في بطنها 9اشهر واعطتك لقب ولد سندها في المستقبل ولكنك خذلتها الله معاها  تبكي عليك وانت حي اما الي مت طوززززز عليك ياربي تهدي وليداتنا وليدات المسلمين اجمعين,True,['hate_and_discrimination'],hate_and_discrimination,0.895
اش بغيت ليك اللي فيك عينيك مزاكلات بحال الخرية في الميزان وزايد فيه وجهها قاسح   من فضاءل الكوفيد بان لينا  حشرات مضرة ها الشانتيو,False,[],hate_and_discrimination,0.453
زبل كيولد غير الزبل,False,[],hate_and_discrimination,0.02
اللهم لا تاخدنا بما فعل السفهاء منا,False,[],hate_and_discrimination,0.004
"ويسري  الله  انزل  عليك  النعلة 
كلام المحامية صحيح 
كنتي كتزني  انتي والعشق  ديالك  يلزمكم   السجن",False,[],hate_and_discrimination,0.528
واش سيد مشا يحج ونتي مدخلا رجالة حشوما,False,[],sexual,0.173
من ستر مسلما ستره الله ولكن داك لي صورها ماشي راجل غلطات معك سترها وراه كون ما ستر الله حتا حد ما يبين وجهو,False,[],sexual,0.624
و هل سيأخذ الله سبحانه و تعالى حق هذا الطفل من السعودية و بعض دول الخليج التي غررت بالشعب السوري  و باعته الوهم ثم رفضت استقبال لاجئ سوري واحد على اراضيها او علاج جريح في مستشفياتها,False,[],hate_and_discrimination,0.524
عندك حق ولكن الحكام العرب هم السبب في حركة الشعوب فاللهم انتقم من كل من يؤيد بشار والصهاينة,True,"['hate_and_discrimination', 'violence_and_threats']",violence_and_threats,0.982
عليكم ان تتبوا الى الله وتذكروا انكم ستدفعون ثمن دعم التحالف والتطبيل له  احذركم ان المجاهدين لكم بالمرصاد وانهم لاينامون على ظيم  ولا تصدقوا كل من قال انه سني وانه يتكلم باسم اهل السنه والجماعه,False,[],violence_and_threats,0.797
اوعديواش بقات فالفرونسياويلي,False,[],hate_and_discrimination,0.159
كاليك تبادل الضرب والجرح نزل لخرا كلو هههههههه,True,['violence_and_threats'],violence_and_threats,0.976
يا خسارة سفينة البابا نوال كانت تحمل هدايا لاطفال غزة ففجرها وحوش ولاية سيناء يا لهم من من اشرار,True,"['hate_and_discrimination', 'violence_and_threats']",hate_and_discrimination,0.954
ابصق على وجهك ووجه كل كذاب مثلك وعلى وجه كل عربي حقير,True,['hate_and_discrimination'],hate_and_discrimination,1.0
اللهم لاتوخذنا بمافعل السفها منا فديو يحرض علۑ ارتكاب المعاصي لاحول ولاقوة الابالله اين حلقة التربيه من اسرة وشارع ومدرسه الۑ اين نحن بهكذا نوع من الشباب,False,[],dangerous_and_criminal_content,0.239
و أنت حضرتك صفوي أذا هناك من يدمر الاسلام فهم الملالي يا جويسم الصفوي,True,['hate_and_discrimination'],hate_and_discrimination,0.728
مملكة الأردن تعتقد ان المناصب الدولية تكية لانريد مسئولين من الهاشميين نريد مواطنين يعرفون هموم الناس,False,[],hate_and_discrimination,0.012
لاكسط هي لي حيرتو,False,[],sexual,0.099
بسم الله الرحمن الرحيم اهل غزة على ابواب مصر والمفتاح بيد فرعون العصر السيسي ومن ورايءه بنى صهيون سيوردهم النار وبيءس الورد المورود وسيتبعهم كل من ايد السيسي فهم جنوده ونبذناه وجنوده باليم,True,"['hate_and_discrimination', 'violence_and_threats']",violence_and_threats,0.989
ميعتو القضية لأقصة درجة تا ولينا كانشوفو العاهات مشاهير,False,[],sexual,0.019
الله يفرج على ندى مسكينة ظلموها و حكروها المدلول المافيوزي اللوبيا نزار و الحباس المجرم الزاكي الله ياخذ فيهم الحق نطالب المخزن بالمؤبد راهم طغاو,True,"['hate_and_discrimination', 'violence_and_threats']",violence_and_threats,0.905
السيسي اغتصب الحكم وامر بقتل الاف من الشعب المصري وسرق الدمقراطية من الشعب المصريهذا القانون من اجل القضاء على ما تبقى من الحريات بعبارة اخرى ملايين المصريين سيغادرون وطنهم الى السلامة يارب,True,"['hate_and_discrimination', 'violence_and_threats']",violence_and_threats,0.867
خصك اعدام الحشرة الناس ديال سوس بزاف عليك لله امسخك كيما مسختي تزرزيت,True,"['hate_and_discrimination', 'violence_and_threats']",violence_and_threats,0.972
هناك خطأ خاصكم تسميوعا ملحسة,False,[],hate_and_discrimination,0.062
مناضل بالنسبة لقناتكم اما بالنسبة للمواطنيين فهو ذنب من أذناب العسكر حالة حال باقي من يدعون الفن  أذهب غير مأسوف عليك,False,[],violence_and_threats,0.387
"بغينا فيلم قصير بين الملولي ونزار 
طلعو التعليق بلايكات",False,[],sexual,0.041
مكلخ كيدير راسو فاهم كيتشبط فالاستاد المحترم راه مكيهضرش خاوي حشم متزيدش فيه,False,[],hate_and_discrimination,0.143
صحة فطوركم يا خويا رضا ولد الشنوية الله يسهل لك و حقق لك ما تمنيت,False,[],health,0.024
حسبه الله ومن معه لن ينصر الله السيس جليس الراقصات على عبد الفقير اليه محمد مرسي,True,['hate_and_discrimination'],hate_and_discrimination,0.926
لاحول ولا قوه الا بالله حسبنا الله ونعم الوكيل اللهم ارحمهم وكون خير عونا لهم ف كربتهم اللهم امييين اللهم انتقم من كل حاكم ظالم ياارب,False,[],violence_and_threats,0.713
ههههههه اهم شي اذا تورطت ف الدندول الكبير,False,[],sexual,0.139
تلاݣيتو,False,[],hate_and_discrimination,0.049
اجي احبيبة مرحبا بيك علاش انت كتقولي غير المعقول,False,[],hate_and_discrimination,0.045
هههه سبحان الله الفندق ماليه مالي باش ميردوش البال لي داخل ولي خارج حتى الابواب الخلفية,False,[],dangerous_and_criminal_content,0.227
نفس الشيء إذا قرأت مصدر عراقي أو قال بشار أو البيشمركة أنزل لتحت أعلق بس  وذا اللي تحت مصدق إعلامهم ولا غرر لما مسكتهم الدولة قعدوا يستغيثون بعائشة وعمر  جهلة مساكين يظنون أننا نعبد البشر مثلهم,True,['hate_and_discrimination'],hate_and_discrimination,0.959
قدم لينا مغريب ديال التيساع,False,[],sexual,0.067
تحية لكل مغربي ومغربية حرة وتبقى الصحراء مغربية,False,[],hate_and_discrimination,0.039
هذه القنابل والضرب أتت من الفرع لإنقاذ أصل العرب من رجس المجوس,True,['violence_and_threats'],violence_and_threats,0.968
نزار عاد ترجلتي  زينتي عند ملولي الله يوفقكم  ويسعدكم ويطول بعمركم ويخليكم لبعضكم ياربي العالمين تحياتي,False,[],hate_and_discrimination,0.034
بركة عفاك نتي كونتي بغا تخطفي سيد أو مصدقاتش ليك كتزيدي غا تشوهي راسك اوا  ديري راسك فشوف حزيقا انا دبا مزوجة أو عندي بنيتي أو منقدرش نصيفط تصوار بحال هاكا الراجلي معرفتش والكين نتي كان عنداك وحد الهدف رابي لي غا يكون عآلم عليه أو الوحد تيتخلص علي نيتو,False,[],violence_and_threats,0.482
هؤلاء هم جواسيس ضد مصلحة الصومال يستحقون القتل,True,['violence_and_threats'],violence_and_threats,0.998
المغرب اخد الصحراء بشواطئها الشاسعة وسمكها اللذيذ وخيراتها المعدنية والجزائر اخذالبولساريو كيخراولها فرمال تندوف,False,[],violence_and_threats,0.17
هههههه والله العظيم انت راجل اهبل تحيا مصر ويحيا جيشها وزعيمها المشير السيسي,False,[],hate_and_discrimination,0.49
بغيتلك دقات عمتي لي امشو اصغار يا شوف تيفي بركة من شوهة واش ناقصنا غير زامل على قلة المواضيع بي تجبدو فيما كان شي شوهة جيبها شوف تيفي والله ما بقى عندنا الوجه هنا وناررررري على مراكش اش ولت اطلع سلامة,False,[],violence_and_threats,0.355
وقال نتنياهو دون أن يذكر بالاسم أي دولة إن إسرائيل على اتصال مع دول عربية بشأن إيرانمبروک لکم یا ایها العربان,False,[],hate_and_discrimination,0.135
من احسن رضى بارطمة تكون ديالك حداري من كابانوات حداري ثم حداري غادي تقولب اختك من كازا,False,[],sexual,0.329
هههههه جالسين بباريس الكم تلاتين سنة   وتتحدثون عن نظام ركع العالم النفخ باللبن ما بطلع غير بوالين,False,[],hate_and_discrimination,0.303
لبخوش,False,[],hate_and_discrimination,0.009
قناه الخنزيره لاهم لها الاالسعوديه اتعبتكم السعودية كثيرا وان شاء الله تزيلكم قريبا ياحثاله الاعلام الساقط,True,"['hate_and_discrimination', 'violence_and_threats']",hate_and_discrimination,0.936
وا رضى مت مو باليزة مشات لعمرة وكدعي عليكم فالسطوري هههههههههه ضرب ليها شي طر,False,[],violence_and_threats,0.459
"لاحول ولا قوة الا بالله 
ولينا ندافعو على الفسق والحرام والزوجة اللي كدافع على بيتها رديتوها شيطانة",True,['hate_and_discrimination'],hate_and_discrimination,0.991
اوا الى داز هادا في 2 هيا صافي لاحول ولا قوه الا بالله,False,[],violence_and_threats,0.11
الله اعطيه الصحة اول واحد برد ليا قلبي في وحدة من صحبات الروتين اليومي مخصوش اتشد حيت اصلا على الشرف ديالوا,False,[],health,0.067
"وعلاش خاشي ذاك الصبع فكرك  
فيك الثملة",False,[],hate_and_discrimination,0.375
الفارة ديلك كبرات ولات طوبة غا الله يستر ياربي,False,[],sexual,0.559
سؤال لإيران و تركيا اذا نحن السعوديين بني إسماعيل و خيبر على ارضنا من قتل الاسرائيلين و بني إسرائيل فمن انتم,True,['violence_and_threats'],violence_and_threats,0.831
حرية شخصية زايد حرية سووية,False,[],hate_and_discrimination,0.007
شوه تيفي انا خرت من عندكم وجيت نقول لكم الله يمسخكم مستوىطايخ سينيالوها الناس راها تتشوه بالمغاربة خس مديرها يتخاسب علىهاذوساخة,True,['hate_and_discrimination'],hate_and_discrimination,0.998
مسافر زعمة مغيكونش عرفك هدرتي مع شوف تيفي وهاد شوف تيفي زعمة غدير ليك لحل مع الجن الله يديرلك شي تاويل الخير اختي,False,[],hate_and_discrimination,0.075
كلام غير علمي  كيف يحد من الاكتئاب ونرى الناس كلها عطشى وعصبية وتكاد تقتل بعضها ارحموا عقولنا,False,[],hate_and_discrimination,0.023
"لم استغرب ليها هي كحالة نفسية و أجتماعية 
بل بقا فيا الحال على  الذي يقول بانه ينتمي للصحافة و يرصد و ينقل مثل هذه المشاهد للمواطن المغربي ثم بقا فيا الحال على الولد شباب الغذ و المستقبل  الذي يطبل لها على الدربوكة أمام الكاميرا ثم الكوامانجية ولدبنتو تلك الراقصة على ما هي عليه من حال",False,[],hate_and_discrimination,0.055
"امريكا و روسيا و الدول الاوروبية اللهم احصهم عددا 
واقتلهم بددا
ولا تبقي منهم أحدا
اللهم مزقهم تمزيقا
ودمرهم تدميرا
واسحقهم سقا 
وامحقهم محقا
واجعلهم أحاديث وعبرة للمعتبرين",True,['violence_and_threats'],violence_and_threats,0.999
بغيت غير نعرف علاش شوف تيفي مسحات الفيديو لي فيه ليلى كتشيش وكتكمي,False,[],sexual,0.642
قريبا مفتاح الكعبة يسلم لفيفي عبدة  رواية الدب الداشر و ابوه العاهر السعودي,True,['hate_and_discrimination'],hate_and_discrimination,0.77
هادوا هوما الناس لي كيعرفوا طعم الحياة ماشي بحال شي وحدين  كيبقاو تابعين الفلوس كي الكلاب,True,['hate_and_discrimination'],hate_and_discrimination,0.668
ماعندهم ما يوريونا اش في رأسهم كيوريونا ترامهم وقزازلهم,True,['hate_and_discrimination'],hate_and_discrimination,0.88
داعش ستزول داعش تحت الحذاء داعش الى جهنم,True,['violence_and_threats'],violence_and_threats,0.983
الصحافة الورقية ستشهد في القادم الذي يعلمه الله ستشهد رواجا كبيرا وكذلك الصحافة الالكترونية ولكن سيعود للورق بريقه الأخاذ,False,[],dangerous_and_criminal_content,0.004
صرآحة كنت انسان محبوب في هاد الفيديو بان وجهك الحقيقي للاسف التفاهة عنوان الحدث كنت من متابعينك انت وإيمان وندى كنتم ثلاثي رائع سواء كان هادشي كذوب او حقيقة  الحقيقة الكبرى ان ندى بعقلها ومجبداتكش ولكن انت تعديت الخط الاحمر ايمان كذلك غي ضاحكة معندهاش مع المعاطية ولكن انت يا اخي في الله سقطت في دوامة الفراغ مالك احنيني على حالتك كتعاطا فحال الولية المرأة عمود المجتمع احترامها واجب أيا كان نوعها بخصوص ندى معندك ما تقول فيها ندى مزال صغيرة دارت علاش تولي ومزال الخير القدام قلبها ابيض كتقاتل من اجل لقمة العيش ايمان كذلك تبارك الله مزال تزوج وتزيد فنة ماشاء الله عالمها كله اتاي والنشاط ربي بغاها ولله الحمد اما انت يا اخي بحثت عنك في اليوتيوب ووجدت فيديو لك لابس قفطان وكتشطح على الدم وكل بدعة ضلالة وكل ضلالة في النار  اتق الله في حرمته نخاف عليك يوم القيامة ونخاف عليك حاليا من ذنوب لوليات عز المرأة يعزك الله ذلها اذلك الله واظن راه البرهان بان فيك وجهك مساخ أعوذ بالله من غضب الله واستغفره توب اليه نخاف عليك فكل من حفر حفرة سقط فيها ومما لا شك فيه الان انك في المستنقع  رجوع الله وفراني يا الفراري راه حبيبيس ما فيه خلاخل الذهب وانت مولف للاسف بالذهوبات اوا فراني راك بالدارجة حماضيتي اخر كومنتر نكتب عليك سأخرج من صفحتك انا وصديقاتي للاسف اصبح محتواك يعبر عنك باي,True,['hate_and_discrimination'],hate_and_discrimination,0.824
فرنكنشتاين ينقلب على صانعه,False,[],violence_and_threats,0.072
العار والخزي للعرب المنافقين,True,['hate_and_discrimination'],hate_and_discrimination,0.988
ولكن هادشي راه حرام,False,[],hate_and_discrimination,0.085
ههههههه ههههههه,False,[],dangerous_and_criminal_content,0.002
9515  واكل لخرا واش تقتو فيهم اقسم بالله إلا كي ستحمرو الناس باش يدخلو لفلوس,False,[],dangerous_and_criminal_content,0.293
الجن عندو القطيطات الزوينات اش غادي يدير بامراة تنكد عليه المعيشة جب اابوطا جب ليكوش,False,[],hate_and_discrimination,0.59
هذا الوضع نتيجة انسانية السعودية التي اصابها التوازن والتعقل والنظرة الثاقبة وبعد النظر والقرارات المتروية والحازمة والمانعة,False,[],hate_and_discrimination,0.287
واخيرا شفنا الطراكس راكبة فطراكس,False,[],sexual,0.563
مسكينة قطعات لي قبلي علاش هاد البنت هكا علاش تحرمات من انوتهاميمكنش ياربي شوف من حالها ياربي لي بيت نعرف هي انتى ام عندها خطئ في الجنس,False,[],sexual,0.615
بكاني مثال الرجل المثالي,False,[],hate_and_discrimination,0.011
ها ها مرتزقه السعودیه انفصالیون جنوبیون الذین یهتفون انتم ب انتصاراتهم لم یفعلوا شیئا امام الحوثیین رغم قصف طائرات التحالف العربی هم هم ابطال حسب قولک انقذ من نومک ایها النائم,False,[],violence_and_threats,0.662
اهم شي الاصرار اهنيك,False,[],hate_and_discrimination,0.018
لا حول ولا قوة الا بالله العلي العظيم حسبي الله ونعم الوكيل في الي دار ليها بحال هاكا تتجي غير في الدراوش اما دوك الي تايكونو لباس عليهم كاع ماكايوقع ليهم بحال هاكا رخفو شويا غير على واليديها الي مكلومين مساكن والله يدير ليها شي تاويل ديال الخير ومنحكموش على الانسان الي معرفناهش والله غفور رحيم واي واحد راه كايغلط ويصحح الغلط ديالو ونتمنى من القضاء يكون نزيه وينصف هاد الاخت اما الي دار ليها بحال هاكا موحال واش عندو الضمير,False,[],hate_and_discrimination,0.118
عنداك تجبونا هذا فرمضان  راني كنكون مكميش وغنهرس التلفون,False,[],dangerous_and_criminal_content,0.071
نفختوه بلا فايدة الله ينعل اللي ما يحشم,False,[],hate_and_discrimination,0.606
لعنة الله عليكمشوهتو بالمغرب التريكو البركاصة,True,['hate_and_discrimination'],hate_and_discrimination,0.984
وأنشأ حنا مسلمين ولا كلاب  اس هادا اشي  كيعلوا اولادنا  الله يخليكم بالخلى,True,['hate_and_discrimination'],hate_and_discrimination,0.99
المسلمين عامة و الخليجيين خاصة اغلبهم عنصريين و يحڤرو البراني بصح كي يشوفو مثلا امريكي عنصري يقول الحمدالله على نعمة الاسلام و يلعبها مصدوم  الاسلام حاجة و المسلمين حاجة,True,['hate_and_discrimination'],hate_and_discrimination,0.994
,False,[],hate_and_discrimination,0.002
كل هذه الجرائم مدعومة من حكام الخلبج,False,[],hate_and_discrimination,0.546
وليديها مساكن لله يكون معاهم بقاو فية,False,[],sexual,0.111
هذه الفتاة عندها مشكل نفسي يجب أن تكون لها متابعة من طرف أخصائي نفسي,False,[],health,0.118
تفو على حال الرجال في المغرب غاديين وتينقارضو,True,['hate_and_discrimination'],hate_and_discrimination,0.906
يا رب الناس و يا رب العرش العظيم اسألك ان ترزق كل من اشترك في قناتي رزقا وافرا و أن تحرم جسده من النار و تجعله من اهل الجنه يا رب آمين,False,[],violence_and_threats,0.014
غير بنت المتوكل لي عندها لبزازل,False,[],sexual,0.349
والله حتى عبر عليك تفو,False,[],hate_and_discrimination,0.331
سير ا راس طارو الله يعطيك 100عام ديال الحبس انت فا الحبس ريكون كلشي داز عليك تفوووو على بندم كيدير نسوي  سير ترجل الهجالة,True,['violence_and_threats'],violence_and_threats,0.838
"سيري الله اسهل عليك راكي اصبحت ساحة و اداة لتصفية الحسابات سيري راكي شوهتي رأسك و عائلتك اصبحت متل خشبة لعرض المسرحيات بسنيورهات المصالح 
لقد دخلت إلى المحكمة ولا اضن انك لم تلاحضي وأنت في المدخل  الأمة وهي منشورة وكأنك في سوق أسبوعي واياك ان تحسبيهم من مناصريك او منتقديك بل نفس حالتك او ابشع لكن يسلمون امرهم لله والقضاء مهما تكن النتيجة فهناك عدالة السماء  ولم يقدموا على ما اقدمت عليه فما تقدمين عليه من خرجات وتصريحات ستندمين  عليه في اخر المطاف وحتى لو كنت لا تابهين لدلك فاتقي الله في تلك الطفلة  البريئة وهي من دفعتني للتعاطف واجابتك لأنها ضحيتك انت وحبك الباطل المبني أساسا على الباطل  بالله عليك اين الكرامة يوم افتض بكارتك ان كان هو من فعلها وهل هده خطبة وهل اهلك الدين وافقوا بالعيش في شقة يتردد عليك فيها بدون عقد بدعوى انهم ستروك كما جاء على لسان والدتك التي وافقت من أجل التستر من مادا  بالله عليك ونحن في 2020 ولا تزال متيلاتك ينهجن هدا الأسلوب ونحن للأسف أصبحنا عبرة للاوطان بمتل هده الحالات",True,['violence_and_threats'],violence_and_threats,0.902
جزاكم الله خيرا,False,[],violence_and_threats,0.001
"هاي هي ضربني وبكا وسبقني وشكا وسيري الله انعل ليميحشم ناس عندهم مراكية أو أنت وجهك صحيح تفوو على نماذج راجلك عندو الحق خاصك لقتيلة انت أو مزال عندك الوجه ليتدوي بيه وباز أو الله 
 براءة للرجال",True,"['hate_and_discrimination', 'violence_and_threats']",violence_and_threats,0.949
علامة ساعة مين ولينا نشوفو هاد التفاهة,False,[],hate_and_discrimination,0.08
فيصل ولحداه كيتحير زوامل,False,[],hate_and_discrimination,0.019
هاد الصحاف هى الدعاره ثشوه الناس والدين قلبو على شي حاجه ثفيدو به ألناس,True,['hate_and_discrimination'],hate_and_discrimination,0.952
أعوذ بالله شياطين الإنس,False,[],hate_and_discrimination,0.138
هاد البنات الله يهديهم كيغاش تيقي فيه وتمشي معاه الاوطيل وتقصري معاه وعارفاه مشي فحالة طبيعية كنصح اي وحدة متيقش ولو يواعدك معت باش لي باغيك غيجي لداركم وخبر والديك,False,[],sexual,0.538
بعدي عليك الدعارة ديال روتيني و رجالك راجل واخا سكايري راجل قح الله يهديك,True,['hate_and_discrimination'],hate_and_discrimination,0.959
هيب الله يبهتك ياقليل الدين ياقليل المروءة حتى مجرمين الإرهاب ماستعملوا معهم العنف خل عاد المرأة لها تقدير خاص في مجتمعنا بما يمليه علينا ديننا الحنيف والمروءة والأخلاق التي تربى عليها السعوديين والسعوديات ماتسمح لهم بفعل كل ماذكرت مع المجرمين ف,True,['hate_and_discrimination'],hate_and_discrimination,0.976
الله يشوف من حالنا كاملين المطلقة صعيب تعيش فهاظ الحياة بوالدها,False,[],hate_and_discrimination,0.141
لو خوف من محمد سلمان هج قطر  فيها كل ساقطة ولاقطة,True,['hate_and_discrimination'],hate_and_discrimination,0.982
مشيت نشوف قناتك ولكن راه تستهلي ناري  واش منيتك هدشي عندك روتينات عادية والله الا انت لخاصك الحبس تريكة القنب,True,['dangerous_and_criminal_content'],dangerous_and_criminal_content,0.882
نوال متوكل هاي إيرانية طلبها مرفوض,False,[],hate_and_discrimination,0.142
الله يعطيك الدل كتر ما هو فيك اخخخخخ اخخخخ,False,[],hate_and_discrimination,0.558
تفو على مستوى تافه قلال الأصل,True,['hate_and_discrimination'],hate_and_discrimination,0.994
لوكان دخلي هذيك الدوارة راهي تهتز,False,[],dangerous_and_criminal_content,0.038
"غير مكلف أنذر  وعظ وأوصى 
مـــــات عطشــــــــا ٠",False,[],hate_and_discrimination,0.033
تعليق جيد جدا من الجميل انه تم نشر تعليقك الجزيرة عادة لا تنشر تعليقات تدين سياسات اردوغان الخارجية بدون سبب,False,[],hate_and_discrimination,0.041
بقاو فيا بزااااف,False,[],sexual,0.049
هادشي كامل مدروس ومخطين ليه كاملين جيبا ليهم محامي تالدار وجالس كيصورو فيه الطماعين تفو بان ليها غير هاد السيد لمزوج أه ولانسيت حيت محاميراتهاد ليلى ديالكم فيها الغلط وغلط كبييييير أش داها تمشي مع واحد متزوج كونو تحشمو,False,[],hate_and_discrimination,0.181
قانون الأنفاق الجديد هو قانون جيد بل ممتاز من أجل حماية مصر من الأرهاب و الأرهابيين و لا يحق لأحد أن يعلق علية لأنة شأن مصرى خالص و يطبق داخل حدود مصر  تحيا مصر و السيسى رئيس مصر,False,[],hate_and_discrimination,0.132
من نيتكم هادا موضوع تلوحوه بقناتكم ضراتني معدتي غير حشمت رد ليه فوجهو عفن,True,['hate_and_discrimination'],hate_and_discrimination,0.666
المغاربة فوضويين أينما تواجدو تواجدت الفوضى و الازبال و قلة النضام لهدا أوروبا سدات الروبيني,True,['hate_and_discrimination'],hate_and_discrimination,1.0
فعلا متى يتعلم العربالقنوات الرافضة للإنقلاب تأمل خيرا من راعية عاصفة الحزم,False,[],violence_and_threats,0.211
اويلي شوهة اجاب ختو لعلاقة الحميمية تديوتيت هادي واش علامن كضحكي العلاقة الحميمية كتخص فقط الطرفينالراجل و المرا  مستوى زنقاوي هادشي او خاصك تكوني عبرة نيت باش متخرجوش على بنات الناس,False,[],sexual,0.895
قناة الجزيرة ترسل رسائل مبطنة للثور,False,[],dangerous_and_criminal_content,0.044
ما يمكنش سعاد وسميرة يعايروك فالأوديوهات اكيد كيهضرو على مشاكلهم مع رجالاتهم اياك ثم اياك تسمع للمخلويضين,False,[],hate_and_discrimination,0.603
ا  الناس رحموا هذ الناس من الهضرو مساكن راه ليفيهم كافيهم الله يهديكم,False,[],hate_and_discrimination,0.3
بقيتي فيا يا خويا العريس حياتك مشاااااااات فداكشي,False,[],violence_and_threats,0.197
نجح الطواغيت في خداع شباب المسلمين  فجعلوا جهادهم في ساحات الملاعب  ولاء وبراء  نصر وهزيمة  فرح وحزن  جموع ودموع  هدر للطاقات والاموال والاوقات من أجل كرة مطاطية,False,[],hate_and_discrimination,0.293
زيارة العميل الخائن لليمن,False,[],dangerous_and_criminal_content,0.066
قلاويي هد لعوج تفو سترك يا الله,False,[],hate_and_discrimination,0.487
,False,[],hate_and_discrimination,0.002
جنود المغرب الجيش الدي يرفع راية المغرب ناشطين والشيخات ليكانو كيدافعو عليه في الصحراء راهم مليوحين شي فكروسة شي داير ليكوش  بلاد الفساد والديوتيين,False,[],hate_and_discrimination,0.407
الله يستر الخوت هادشي كيخلع زنا طم وعم,False,[],sexual,0.892
جيتي تحقري حفره طحتيفيها بغتيطسري السيد لباس عليه فلوسو جبتيها فروحك صحاب العهر غادي يجيبوليك راه العهر  للتسليه فاش كيسالي بيك كيرجع عند وليداتو ومرتو من يدوم الا الصحيح ابنتي براكه من التمثيل لا يليق بك والله  عيناك يقولان عكس ما تصرحين به,True,['hate_and_discrimination'],sexual,0.766
عيطي على صاحبك يعونك الله يعطيك لمسخك,False,[],hate_and_discrimination,0.449
كلمتان فقط تكفي تبا للعرب,True,['hate_and_discrimination'],hate_and_discrimination,0.809
باذن الله تكون تلك اللحظه جامعه للمرتزقه وينفذ فيهم الإعدام جميعا إلى جهنم يااعداء الدين والأمن,True,"['hate_and_discrimination', 'violence_and_threats']",violence_and_threats,0.996
السودان طول عمرهم في حروب اهليه ومش لاقيين ياكلو بموتو من الجوع كيف بدهم يعرفو ايحاربو,False,[],violence_and_threats,0.604
وليديها مساكن ولكين هيا خاصها تشديد لعقوبة باش توب,False,[],violence_and_threats,0.558
انا كسلفي سعودي ارى ان السعوديه ريئه من هذه الاعمال السعوديه بلد ديمقراطي ولولا الله ثم السعوديه لاكنت اليمن تعيش في بحر من الدم والعراق يعيش في بحر من الدماء ولكان حال مصر يعجز اللسان عن وصفه,True,"['hate_and_discrimination', 'violence_and_threats']",violence_and_threats,0.906
"ملحق يمني تخصيب قصف صباح عودة قرارات 
ـ ضحك حسن النوايا تصدير وآستنساخ بكاء ولو بعـــد حين ٠",False,[],violence_and_threats,0.197
عندما يتم دعس راس الكلب يبدا في النباح فقط,False,[],violence_and_threats,0.17
جن تايصلي الفجر,False,[],sexual,0.009
بكاوني  ياربي تسعدهم يارب,False,[],hate_and_discrimination,0.006
أحترمو غير الأذان يا يهود العالم  مقلتو تا الله أكبر على الحق  نتمنى ميتفرج فيكم حتى واحد ارباعة دباترونات  الريفي,True,"['hate_and_discrimination', 'violence_and_threats']",hate_and_discrimination,0.985
من اكتر الحجات الى ديقتنى ان ازاى مبقتيش بتعملى فديوهات فى القناه افتقدتك جدا والله فى القناه,False,[],sexual,0.065
تعليقات اتباع الخوميني والنصيري  والسذج تثير الشفقة فتكاد كلماتهم  تنطق من الغيظ والحقد  والحسد  اذن  اشبال الخلافة يغيظون اهل النفاق والعمالة اذن فلتموتوا بغيظكم يا  عبيد  الطغاة,True,"['hate_and_discrimination', 'violence_and_threats']",hate_and_discrimination,0.987
اشهاد الويل تاني حكول ربي فينا الله ايستر,False,[],hate_and_discrimination,0.097
كاسيات عاريات لا يدخلن الجنة ولا يجدن ريحها,True,['hate_and_discrimination'],hate_and_discrimination,0.94
لهذا الطيار الاردني عديم الشرف والاخلاق  يقاتل في صف الفرس يا نذل  والله لو عندك ذره شرف  تلقي هذهي القنابل على راس ملكك في قصر رغدان لعنه الله عليكم يا مناصرين الفرس واليهود,True,['hate_and_discrimination'],hate_and_discrimination,0.999
الإعلام المصري معروف بدنائته لدى كل العالم  فهذا الإعلام يحرض على قتل شعبه فكيف لا يحرض على قتل شعوب أخرى,True,"['hate_and_discrimination', 'violence_and_threats']",violence_and_threats,0.985
اﻻرض نهر كتسمع زوامل كتبق تميل,False,[],hate_and_discrimination,0.048
هدا هو الحب الحقيقي المال ماشي هو كل شيإلى لقيتيصدر حنين كفى,False,[],hate_and_discrimination,0.022
هديك راهي لي مزوجا بيه ماشي هو لي مزوج بيها هي بحال الراجل حس الاونوتا معندهاش او هي مزوجها ربما خدامة بيه تيخدم تندها تيتعاون معها كيف مقال الصحفي طفل الابتداىي احسن منها في جملة مفيدة هو مسكين االب امرو خايف منها او خدام عندها اما ليلى تدلعو او كتحبو حقيقي اما لمحامية حب لفلوس يمشي يجيب ليها الفلوس او تربح لقضية باش تااخذ تعويض هدشي هو لي كيهمها في محامي نسات بلي راه زوجها وفيقي امولاتي ةو طلقي الراجل يعيش حياتو مع لي كيبغي متحرميش شرع اعطاه 4يتزوج,False,[],violence_and_threats,0.251
الحمد لله حمدا كثيرا طيبا ٠٠٠كم تخيلت سيناريو تسليم منصور لوحوش السيسي التي تنهش بلا رحمه ٠٠٠٠بششرة خير,True,['violence_and_threats'],violence_and_threats,0.981
تفكيرك منطقي بالنسبة لشخص لايؤمن بالله واليوم الآخر أما من رضي بالله ربا والاسلام دينا ومحمد صلى الله عليه وعلى آله وصحبه وسلم رسولا فلا دين ولا حكم يرضيه إلا حكم الله لكم دينكم ولي دين,False,[],hate_and_discrimination,0.536
مشيتي فيها السي المخامي ايوى خمم مزيان را شوف    هاذي ورجاك على,False,[],dangerous_and_criminal_content,0.302
القانون مافيه على وجه العيال,False,[],law,0.045
لتصحيح جزائري هو الذي بدأ التحدي اسمه يونس دريسي,False,[],dangerous_and_criminal_content,0.008
وجوه الحبس صافي لا زين لا مجي بكري لا تواضع لا فهم عميق للحياة,False,[],hate_and_discrimination,0.086
الموضوع انتها ياعم قردوغان صحي النوم,False,[],hate_and_discrimination,0.17
خطرة خطرة تاندخل نشوف هاد شوف تيفي باش نكولكوم الله يحرق جد ماين مكوم المعافين,False,[],violence_and_threats,0.659
الفضل كل كيرجع الملولي لي وقف معنا ومع خويا نزار,False,[],violence_and_threats,0.15
تفو على ماركة,False,[],hate_and_discrimination,0.017
رشيد رفيق ماطلعش رجولة كان عزيز عليا داك سيد حيت ميت ليه باه وناس تعاطفو معاه بزااف,False,[],hate_and_discrimination,0.536
قالك الياس المالكي زامل و خايب ههههههههههه,False,[],hate_and_discrimination,0.133
يا اخي من هؤلاء المحليلن الفاشلين الذين لا يريدون التدخل البري  هؤلاء سبب فشل الامة  يلا خلوا اليمن لايران و احكولوا عن فخ زي سوريا  خليهم ايردوا عليه حتى يحتلوا السعودية,True,"['hate_and_discrimination', 'violence_and_threats']",violence_and_threats,0.961
بالله العظيم أكثرية المتزوجات ما بقاوش تايحشموحتى  الفساد هاتشي بزافكلشي بغا غير الفلوس أما الحب مابقاشسيرو توبو الله راه ولينا تنشوفو غير المساخ,True,['hate_and_discrimination'],hate_and_discrimination,0.768
قلة الحياء واصحاااب السووءربي يعافي كل بنت مستورة,True,['hate_and_discrimination'],hate_and_discrimination,0.831
اطلبوا لاختي الله يعطيها الذرية الصالحة ادعوا لها بدعوات,False,[],hate_and_discrimination,0.014
كان البعض يعيب على السعودية انها تشتري السلاح وتكدسه في المستودعات حتى يصدأفاثبتت السعودية الان انها تستعمل هذا السلاح لكن في الزمان والمكان المناسبينوبذلك وضعت اصبعها في اعينهم,False,[],violence_and_threats,0.273
لطول فترة نباحكم اقول ما يملى فمكم إلا التراب و سلامة الطيبين,True,['hate_and_discrimination'],hate_and_discrimination,0.755
واش هو الميكا,False,[],sexual,0.204
ههههههههه مت بالضحك,False,[],violence_and_threats,0.001
لعنة الله عليكم إلى يوم الدين  قناة الصرف الصحي من اعطاكم الحق لكي تتجسسوا على البشر,True,['hate_and_discrimination'],hate_and_discrimination,0.912
اللهم إحفضنا من الخبث والخبائث,False,[],hate_and_discrimination,0.011
فديو مستفز والله العظيم ملي شفت هكا قلت لا هاد شي فالمغرب لا حولة ولا قوة الا بالله,False,[],violence_and_threats,0.217
مصدقتش  راجل  يا شماته   تخلتي على ولادك  على قبل  هدك بنت  البار,True,['hate_and_discrimination'],hate_and_discrimination,0.863
رضا راك خونا بالنسبة لهاد الزواج كيبان ليا ما هواش انت انسان خاصك انسانة بعقلها شاربة عقلها  وهي فعلا زوينة وناس مزيانين ولكن هي كتبان باقي يالله بدات في الحياة,True,['hate_and_discrimination'],hate_and_discrimination,0.965
أنا فنان حقيقي أقسم بالله العظيم وصوتي رائع أنا حاط الأغاني ديالي على القناة ديالي دخلو وحكمو بغيتكوم تساعدوني بي أبوني شكرا   للناس للي دعموني من قلبي,False,[],dangerous_and_criminal_content,0.013
طريقة الضفدع مادة لاصقة تلتصق بالطائرة  ترسل بمنطاد ملغم فتنسف الطائرة,True,['dangerous_and_criminal_content'],dangerous_and_criminal_content,0.986
العنوان لاعلاقة له بالفيديو انا قلت واش نيت شدوه سلخوه والله كون كنت تما حتى نخلي دار بوه ديال بصح,False,[],violence_and_threats,0.23
مدعا للسخرية هههههههههههه هما مين قوى الثورة هههههههه كان نفسى اصدق هههههههه تحيا مصر   تحيا مصر   تحيا مصر,False,[],violence_and_threats,0.142
شحال هادي كانت ساري كول كتقول انها ماشي بنت ليل وها هوما الوراق ديال خدمتيدابا تورقتي وليتي خرجتي ليها طاي طاي زعما راه الناس ما كانوش عايققين بيك واش كاينة شي وحدة ماشي بنت الليل وكتقول و كدير داكشي اللي كديري,False,[],sexual,0.251
معركه تحرير كربلاء و النجف من الاحتلال الايراني ستبدا في شهر رمضان المبارك و انباء عن هروب قادة المرجعيات و عوائلهم الى ايران بالجمله خشيه على ارواحهم من سيوف الدوله الاسلاميه,True,['violence_and_threats'],violence_and_threats,0.887
خماج ورخاس,False,[],hate_and_discrimination,0.052
لمرا كتخدم وكتصرف حتى حد مكايقول علاش مللي الراجل كيعاون مراتو مكيبغيوش علاش هاد الكلاخ الزوجين كيتعاونو على الزمان ماشي مشكل ولكن ماشي بالحرام اولى بالعراء طبعا,False,[],sexual,0.474
الله اشوف من حالكوم ا للا,False,[],hate_and_discrimination,0.021
حسبي الله ونعمة الوكيل هادشي لي نقول سوف خيخي الله يخد فيك الحق فاطمة زهراء طحتيلي من عيني والله صحافية كنتي في المستوى دبا هبطتي نيفو,False,[],hate_and_discrimination,0.527
سمعي البكاية ديال والو الرجال كلهم تيغلطو ولكن العاهرات ماشي كلهم تيحملو تحية كبيرة للمحامية ألهام,True,['hate_and_discrimination'],hate_and_discrimination,0.953
مغربية مع شي مامادو,False,[],hate_and_discrimination,0.032
و الله اتا هاد فضايح خيخي ما عندهوم علاياش يحشمو,False,[],hate_and_discrimination,0.211
ألله ينصر سذنا محمذلساذس ألله أوطن ألملك,False,[],hate_and_discrimination,0.241
السير طلعتي كلب مقاطعة عادل الملوديي شكون معاي,True,['hate_and_discrimination'],hate_and_discrimination,0.884
شكون جا من عند,False,[],hate_and_discrimination,0.011
ههههه قالت ليك مسافر الجن واخا مسافر راه يعرف وشوف حيت جن ههههههه,False,[],dangerous_and_criminal_content,0.095
سيزعل سعد و بهية على هذا الخبر,False,[],hate_and_discrimination,0.005
الكوميدي كلوب لو يلغونه مرا وحدة احسن لهم لانه نادي جداااا تاافه وسامج ولايمد بالكوميديا اي صلة,False,[],hate_and_discrimination,0.546
قناة الخنزيرة  فيديوو قديم,False,[],sexual,0.173
اقسم بالله العلي العظيم انك هسبره اسرائيلي,True,['hate_and_discrimination'],hate_and_discrimination,0.996
نعم كل انسان حر من مسلميه ومشركيه وكفاره ضدكم يا اتباع ذي الخوصيرة فقتالكم فرض واجب على الانسانية جمعاءلو كان رسول الله عليه الصلاة والسلام حيا لكان اول من يقاتلكم يا خوارج العصر وقتلة الانسانية,True,"['hate_and_discrimination', 'violence_and_threats']",violence_and_threats,0.982
لا تنتحل صفة ابن هاشمابن هاشم تبينة عماد وهاشم تبينة احد فروع حجام العرب وحجام العرب غالبيتهم من آهل السنة والجماعة فيا عماد كف عن الانتحال,True,['hate_and_discrimination'],hate_and_discrimination,0.917
سر مككثر من هكااااااك,False,[],violence_and_threats,0.049
ضد فديك الصلكوطة درتليك ابوني,False,[],hate_and_discrimination,0.465
هههههههه امك مرباتكش وغادا تحاسب عليك قدام الله,True,['hate_and_discrimination'],hate_and_discrimination,0.882
عيد أضحى مبارك,False,[],violence_and_threats,0.001
لي شافهم  بحالي زوينن وجاو مواتين بعضياتهم يخبط,False,[],sexual,0.394
اوباما واحد وزعماء الخليج سته  لماذا لا يأتي اوباما للخليج بدل  أن يسافروا سته لأمريكا  سته الي واحد,False,[],hate_and_discrimination,0.09
,False,[],hate_and_discrimination,0.002
ضعف الايمان لديانا هو السبب الرئيسي,False,[],hate_and_discrimination,0.014
خوتي لبلاد عطات لشواد ما بقى ما يعجب كنقلبو على خدمة ب لحلال وزوجة صالحة شوف تيفي قناة صرف صحي باش تقربينا من علماء دين نتقربو من  لله كتقربينا من زوامل لعنة لله عليكم إلى يوم دين,True,['hate_and_discrimination'],hate_and_discrimination,0.838
قرينة جديدة على عمالة هؤلاء الملاحدة المرتدين للغرب ولصهاينة  ولا غرر فإسرائيل الكبرى المخطط لها تجاور هؤلاء ومن حق الجار على جاره مناصرته,True,['hate_and_discrimination'],hate_and_discrimination,0.991
ويلووو ويلو وجه الطارو القرد ونتي غزااالة عطيك الله الزييين والخداماا تبارك الله ماشي أي خدماا محامية متزيدييش معاه حتى نهاار من الصبااح تجيبي سيدو,False,[],hate_and_discrimination,0.358
الدول العربية لم تذهب الى ايران كي تصارعها بل ايران اتت للمنطقة وهي سبب المشاكل والقتل لان من تسميهم دول الخليج يدافعون عن انفسهم وعن الامن القومي العربي عموما,False,[],hate_and_discrimination,0.295
"ملك السعود حين القي كلمة قال رحم الله الملوك اليهود من قبلي 
آل السعود معترف بانهم من يهود بني قريضة وهم يدعمون الارهابيين لتدمير بلاد المسلمين حتي يعيشون الصهاينة آمنيين في القدس المحتلة",True,['hate_and_discrimination'],hate_and_discrimination,0.997
خيرا فعلت أوماما فالمجاهدين الأفغان لم يشبعوا من علوجكم بعد,True,"['hate_and_discrimination', 'violence_and_threats']",violence_and_threats,0.98
الله يغبر ليكم شقف شعب باغي فضيحة والشعوة اوا غزال خليك معاه اشبغيتي بالانس غادي يعدبك هاها ونصيب هادي قولي ليه يجيبلي من مكة ليخور هاها الله يعطيك الدل,False,[],hate_and_discrimination,0.502
فنانين الكبت والفساد عقلية جنسية لا غير العفن وليس الفن شعب فيه اغلبية مستعدة للجنس وعندها قابلية,True,['sexual'],sexual,0.968
اويلي علا صحافية هدا سوال تيتعطى قوليلها حزقتي مالك حشمتي غير كملي,False,[],hate_and_discrimination,0.23
,False,[],hate_and_discrimination,0.002
وا المسلمين سنياليو هاذ شوف تيفي راه صهيونية وهدفهم الاطاحة وتشويه المملكة وكل واحد يعمل لايك فهو عميل وغير وطني,True,['hate_and_discrimination'],hate_and_discrimination,0.996
سلام عليكم ورحمة الله وبركاته نعلو شيطان حسبي الله ونعم الوكيل فيكم حسبي الله ونعم الوكيل فيكم,False,[],hate_and_discrimination,0.052
ياويلي على الويل ناري   واش حتا بصح في المغرب نصحك اخويا بلا متقرا تعليق  تقضر تجيب معاك هاد المرة منشار,False,[],violence_and_threats,0.615
لماذا في كل أمر يتعلق بالمغرب تتم الاستعانة برأي الشخص الذي وصف الرسالة التي جاء بها الرسول محمد صلى الله عليه وسلم بالارهابية,False,[],hate_and_discrimination,0.375
طيب يا خوية هو ماشي بيصفي معارضيه من غير مواجهة ومسمكيم ارهابيين ههه لا أمل فيكم اغتصبوا نسائكم وأعراضكم مفيش عندكم نخوة,True,"['hate_and_discrimination', 'violence_and_threats']",hate_and_discrimination,0.991
تفو كترتو يا لطيف,False,[],hate_and_discrimination,0.076
يقف اليهود والنصارى والمنافقين والليبراليين والعلمانيين والشيعة والملحدين وكل من كفر بالله الواحد الأحد بجوار بعضهم البعض بالفعل في مواجهة الإسلام السني وبالذات في مصر قلب الأمة الإسلامية النابض,True,['hate_and_discrimination'],hate_and_discrimination,0.995
زوينة,False,[],hate_and_discrimination,0.003
يبدو أن موزنبيق بالتحالف مع الارجنتين تقف وراء هذا التفجير  فما دخل إيران بالوضوع المعروف أن البحرانيين أغلبهم من  الطائفة الهندوراس,False,[],hate_and_discrimination,0.143
اسميت داك الجنيين لولدتي,True,['hate_and_discrimination'],hate_and_discrimination,0.989
كما قال زوبعرابعة كانت للضغط على النظام للتفاوض و ليس لارجاع مرسياي ان رابعة كانت مظلومية مصطنعة عن عمد من قادة الاخوان للتضحية بالسذج الذين وثقوا فى قيادات بعقلية القرن الماضى,False,[],hate_and_discrimination,0.433
المستوى ديالنا حنا المغاربة فين وصل اخواني المغاربة واش مزال ناعسين مبغيتوش تعيقوا واش عاجبكم هاذ التفاهات وهاذ المنكر لداير هاذ الحشايشي وهاذ العاهرة هذاراه الجهل والامية كلنا ينحب الموسيقى والاغاني الهادفة ماشي هاذ البهدالة,True,['hate_and_discrimination'],hate_and_discrimination,0.979
الكلب ارحم على الانسان  من الأسد,False,[],violence_and_threats,0.052
حنا ديما معاك حيدي علينا غير ديك كمارة ييال راجلك,True,['hate_and_discrimination'],hate_and_discrimination,0.636
إلى هدشي بصح الله اشفيك اختي,False,[],violence_and_threats,0.022
مستوى  اديال  الزبل كلام  الفسق  اميمة  فاشلة  و الثاني  ماشي  راجل  كلام  فاسق  اما  الصحافة  غرضهم  الا  لفلوس,True,['hate_and_discrimination'],hate_and_discrimination,0.964
والشعوب العربية تتفرج وكما يكونوا يولى عليهم فما هى الا البداية من العراق وسورية والات اليهم,False,[],hate_and_discrimination,0.336
ياربي ودني مشاو,False,[],hate_and_discrimination,0.056
عبر عليك لانكم بغيتو الطيرو كلشي بغا الفلوس باي طريقة كانت,True,['dangerous_and_criminal_content'],dangerous_and_criminal_content,0.639
يقال ان علوش تابع الى امريكا وروسيا هكذا يقال وما تم نشره من قبل الصحافة العالمية من موافقة على علوش خليفة الى بشار,False,[],dangerous_and_criminal_content,0.019
هذا سؤال بليد نتوما عارفين شكون المسؤول,False,[],hate_and_discrimination,0.04
اكبر حلووف هو انت,False,[],sexual,0.072
في الصورة اعلاة وبدعم الخليج يترعرع سرطان الامة,False,[],health,0.118
"المحامية لا ذنب لها هي بدورها ضحية انسان خاءن 
ومن حقها ان تدافع عن نفسها وبيتها الله يكون في العون",False,[],violence_and_threats,0.069
قل        موتوا        بغيظكم            ها  ها  ها   طارت والله مثا عين الهرب وتكريت وبيجي    وووو,True,['violence_and_threats'],violence_and_threats,0.977
على الأقل تسناو تيسالي الادانلاحول ولاقوة الا بالله العلي العظيم,False,[],hate_and_discrimination,0.208
هادو هوما بيجيدي اغبياء تاتلقاه غادي فمسار باش يشد مناصب عليا أو شادين مناصب ورغم دالك تايتبعو شهوات حتى تايفضحو راسهم,True,['hate_and_discrimination'],hate_and_discrimination,0.954
الله يشافيه الله يشافيه,False,[],health,0.05
ياجوج وماجوج,False,[],dangerous_and_criminal_content,0.015
على من كيهضر,False,[],hate_and_discrimination,0.058
نصحية لكغير اسمك من محمد الى مياخليفة,False,[],hate_and_discrimination,0.015
يسحابني مسحو هاد العجب ناري غنحلم بيهم,False,[],violence_and_threats,0.076
لا مذكر حتى اسم معندها مدي منو مكاين لا حبس لا زفت مالك معرفاش القانون,False,[],law,0.058
شعنقولك اختي لحي مزيان,False,[],hate_and_discrimination,0.258
دمر على مرتك و نوض تخدم عليها و هز الفاس و بين ليها انك قادر تتحمل مسووليتها  اما الى كنتي غي غادي تزوج و فالاخير تطلب بها بذكاء و شياكة فماشي هذا هو الحب اخي,False,[],violence_and_threats,0.423
صوفيا ياك قلتي ثبتي ومابقايتيش كتفسد ايوا الله يهديك وصافيالناس خايفة من الموت بسبب كورونا ونتوما عاد زيدين فيه,False,[],hate_and_discrimination,0.036
هذا المحامي  لي مقاريشاما لي قاري مغديش اتصرف بهاد الهماجية,False,[],hate_and_discrimination,0.036
"سمعت أن اللواء عبد العاطى مكتشف علاج الإيدز بالكفته يشرف بنفسه على التحقيقات وبالتالى فلا حاجه لنا بالصندوق الإسود وخصوصا أن النظام الإنقلابى لا يؤمن بالصناديق 
تحية لأهل سيناء فخر مصر الحرة",False,[],hate_and_discrimination,0.132
ممكن اسم الموسيقى في الثواني الاخيرة وشكرا,False,[],pii,0.001
قنات مختصة في نشر التفاهات والتزنديق علما أن صاحب هاذه القناة  كان من أحسن الصحفيين لكن بعد اعتقاله تحول تحولا خطيرا والنتيجة ما نراه,False,[],hate_and_discrimination,0.064
تفو على قناة كتصور هادشي زعمة ياربي دير شي تاويل ديال لخير,False,[],hate_and_discrimination,0.107
هذه هي الدولة الاسلامية المحترمة  ويجب على كل مسلم أن يطيعها وأن يقاطع ويقاتل الإيرانيين وكل من يتعامل مع إيران عدوة العرب وعدوة والاسلام باسم الاسلام,True,"['hate_and_discrimination', 'violence_and_threats']",violence_and_threats,0.993
عندما يتحقق العدل الالهي سينعم الجميع بالأمن,False,[],violence_and_threats,0.003
صراحة هذا عمر اديب لايستحق كلمة اعلامي هو شخص مكلف بااشعال الفتن والسب والشتم فقط وتعرفون قصته مع الجزائريين بمناسبةمباراة كرة قدم كرة قدم,True,['hate_and_discrimination'],hate_and_discrimination,0.981
انت باسل كتعاير العيالات اش من محتوى عندك  صياد نعمة يلقاها ان شاءالله,False,[],hate_and_discrimination,0.069
"ينقصك شيئ ما تبحث عنه لتجد انك على بعد من ركن هام 
إنها العلاقة مع الجزيرة",False,[],hate_and_discrimination,0.01
الشعب السوري قالها منذو البداية يا الله ما لنا غيرك يا الله  اما هذا الابله السيسي فهو خازوق دق في اسفل داعميه قبل غيرهم و ساعته باتت قريبة,True,['hate_and_discrimination'],hate_and_discrimination,0.867
كل العنصريه بدهم حرق,True,"['hate_and_discrimination', 'violence_and_threats']",hate_and_discrimination,0.997
اسباب انها جميله ورشيقه وحاجات تانيه كتير,False,[],sexual,0.101
شوف الذى جالس على جنبه ويدعى انه سيحارب الاسد الصهيونى بالقضاء على تنظيم امريكا وصنع منها لاجله,True,['violence_and_threats'],violence_and_threats,0.822
تعاود لكرها حياتها هاديك و زيدون مكنعرفوهاش كنعرفو مها  ليكون موريتوهاش لينا منعرفوهاش واش بنتها باراكا علينا من الخبث راه عيقتو هدرو علي شي حلوة لي كتهم الشعب المقود لي عطا زكو  لهلا يفكو  السيدة عندها شي جنسية كندية ولا أروبية عايشة  حياتها دبر راسها راه كاينة لي كتعري  فالديور و فالزنقة العباية و الزيف و تخلف عليها  انا مكندافعش عليها مكنعرفهاش اول مرة نشوفها ولكن رسالة لشوف تي في اش غادي زيدنا الا غطات بزازلها  غادي تحلو مشاكلنا صحافة تالحلاوي,True,['hate_and_discrimination'],hate_and_discrimination,0.842
غير كتبت روتين يومي لتنظيف البيت طلع عجب بزاف ناس اديرو روتين فعلاه اليق ابانو ديك مناطق ربي يهديكم,False,[],hate_and_discrimination,0.089
الله يشوف من حالها ارجو من وزارة الصحة ان تلتفت لهته الحالة الله يكون في عون امها,False,[],health,0.302
والله صدقوانفسهم انهم مقاومة وليسواخونةوعملاءكماهم فىالحقيقة,True,['hate_and_discrimination'],hate_and_discrimination,0.81
والله ياخد فيكم الحق اشوفشوهتو بلادكم دعارة راه فگاع الدول سترو شوية,True,['hate_and_discrimination'],hate_and_discrimination,0.93
هاد شوف تيفي كتقلب على الفضائح شنوا استفدتي دابا غير الشوهة اذا ابتليتم ف استتروا,False,[],hate_and_discrimination,0.128
يجب ان يمنعوا العميل الاسد الصهيونىواستعمار روسيا اان لا يتزودون باى مطار على ارض السوريين والله ينصرهم وللشعب السورى العظيم امين رب العالمين,True,"['hate_and_discrimination', 'violence_and_threats']",violence_and_threats,0.895
وراك نيت شبعت حلوى مزيان السي المحامي و علخر لحتيها الله ينعل لي ما يحشم,False,[],sexual,0.177
كل يوم اقرا جملة  عشرات القتلى من الحوثيين   كما لو كانوا صراصير امام البايجون,True,"['hate_and_discrimination', 'violence_and_threats']",violence_and_threats,0.973
لمزيد من المعلومات حول ازدياد معدلات الحرارة في عام 2016 يمكنكم الاطلاع التقرير التالي,False,[],dangerous_and_criminal_content,0.003
ههههههه كلشي على يحتفل باللحم و البرقوق,False,[],violence_and_threats,0.059
الدراري حتى هما اتعوجو بحال البنات التعواج فالهضرة,False,[],hate_and_discrimination,0.523
الله اعلم يا جزيرة ما من معلومة او معتقد يخل بالعقيدة الاسلاميه الا سارعتم الى نشرها دعوا علم الغيب لمن خلقه,False,[],hate_and_discrimination,0.079
بكوني حتي انا تمنية الانسان الي تنبغيك يبغيني هاكا مبغا والو بغا غير يحس بالحب الي فقلبي ليه,False,[],sexual,0.179
كثرة المسؤوليات تشغل عن متابعة الأبناء,False,[],hate_and_discrimination,0.002
واسيري نقي داك الزك لي عامر بلخرا,False,[],hate_and_discrimination,0.138
اش هاد الخرا اش هاد القيح,False,[],hate_and_discrimination,0.473
الخيار الاخر هو الركوع السيسي واصدار احكام مؤبد واعدامات بالجمله لو انا افضل ابيع فصفص في الشارع,True,['violence_and_threats'],violence_and_threats,0.969
الكنبو عمرك شفتي شي واحد عنو بسبور تركي وما عندوش الجنسية انت فين قارئ الزامل وهو اولي ابحالك ابحالو,True,['hate_and_discrimination'],hate_and_discrimination,0.639
الله يعطيك العذاب,True,['violence_and_threats'],violence_and_threats,0.953
و هل هؤلاء ذميون ياجاهل لقد أصبحت الأمة بفضلك و أمثالك و أمثال هذا الدنيئ كلها ذمية عند من لا ذمة له,True,['hate_and_discrimination'],hate_and_discrimination,0.99
انت براسك كنتي قولتي فواحد الحوار ولد الحوات كيضربنا ودبا نكرتي,True,['violence_and_threats'],violence_and_threats,0.893
الميلودي كنت رائع في الاداء اما تراكس كان صوتها غير حقيقي لو عملت بالصوت ديالها من دون المبالغة في التعديل كانت تكون مزيانة,False,[],hate_and_discrimination,0.139
مافي الا قطر وتركيا حراميه,True,['hate_and_discrimination'],hate_and_discrimination,0.828
مرتو برسها  ديرا شي زلا  وخيفة  تفرش  بش  تقولو  سمحتلك  سملي  دابا  تشفو  بينا  قودا,False,[],violence_and_threats,0.244
من فضح مؤمنا سيفضحه الله في الدنيا و الٱخرة عيب وعار عليكم ناس كانت مستورة و نتم شوهتوهم صحافة العار و الخزي,True,['hate_and_discrimination'],hate_and_discrimination,0.969
زااااامل من الدرجة الأولى واش كتسمي هدا كليب يا زويمل مشهور غير بالفضائح,False,[],sexual,0.137
ابو بكر البغدادي مرغ انوفكم بالتراب فما أن تسمعوا بأسمه فقط ترتعد فرائصكم يامن خنتم امانة الله ودينه الحنيف وتبنون القباب والحسينيات والبدع وخرافات ماانزل الله بها من سلطان  فتأدب عندما تخاطب اسيادك,True,['hate_and_discrimination'],hate_and_discrimination,0.946
راجلك غدي نعطيه ميدالية ذهبية,False,[],violence_and_threats,0.018
انا خفت حيت دخلت لتلفون اخوتي خفت بزاف,False,[],violence_and_threats,0.04
أكيد أصحاب القناة الفضائية أقتنعوا تماما  لأن هذا شئء واضح,False,[],dangerous_and_criminal_content,0.003
حب من ماقتل,False,[],violence_and_threats,0.671
"الصحفى الامين امين فى نقل الحدث دون تجميل او تلفيق او زيادة               
ماعدا ذلك فليتحمل العقاب",False,[],violence_and_threats,0.047
"عار على دول المغرب العربي
و يشار إلى أن المغرب و الجزائر و تونس هم من أشد الحكومات خيانة للمسلمين و عداوة للمجاهدين و مشروع الخلافة و أكثر الدول تحالفا مع الرب الأمريكي الدين إتخدو من دون الله",True,['hate_and_discrimination'],hate_and_discrimination,0.975
الله إرد بيك  إلا طلبتي شي حاجة طلبيها من الله تعالى و ليس من العبد عليها موصلتي فين و الصلاة التي لا تنهى عن الفحشاء و المنكر ليست بصلاة و لا حول ولاقوة إلا بالله,False,[],hate_and_discrimination,0.069
